content_id,subject,sentiment_value,sentiment_word
XuPwKCnA2fqNh5vm,1,0,
2jNbDn85goX3IuPE,0,0,
hLgEADQ8sUnvGFK9,0,0,
nZmM7LQsfr03wUaz,1,0,
pwd8MnrthDqLZafe,0,0,
cudSKGTyMLbIt8k3,0,0,
U5RMQtopwFzDVxHm,0,0,
Kh0ayJjuTrzwPAs1,0,0,
YZovRtEAyQJgTi1I,0,0,
BeSIAUzoTWH9muYl,0,0,
SXYTBWg6FxuboMnd,0,0,
RDgTmzW9xBfY6pGv,0,0,
8cMwzsxkL4XtuDG1,0,0,
MOUrvjDsIJpbw6dQ,0,0,
t01PVoDSd9Lsy5HN,0,0,
icMQmPJA9Sv0KGTw,0,0,
VQkjM1657sIroCf3,0,0,
1rGSYnOx9Fb2ULQX,0,0,
SgNFp8ixQX1HA64y,0,0,
sO6Ac1mThYBKyl4M,0,0,
qIUiOxGdb0M4PQky,0,0,
6GMYQa0Ag4o9nsZ2,0,0,
6Ewe2kxO5msAg0yU,-1,0,
6Ewe2kxO5msAg0yU,0,0,
PMeBcRxizIaNmAC7,0,0,
9x4gvon6TfN0KtqY,0,0,
Er3x8Ks6mpQqeZO0,0,0,
f5UhrHg6Zztl7VWj,0,0,
f5UhrHg6Zztl7VWj,0,0,
fYtbApDWqzGmKX8F,0,0,
fYtbApDWqzGmKX8F,0,0,
YUWFxTOoZCkNzKcu,0,0,
hNVSLDr06cMsgwfI,0,0,
hNVSLDr06cMsgwfI,0,0,
hNVSLDr06cMsgwfI,0,0,
aV6A5z8pJRkKIC9r,0,0,
aV6A5z8pJRkKIC9r,0,0,
E9SZbnzR2XW0QiLs,0,0,
DXhAOZEsTBVWaSRH,0,0,
6p8glZ2iewsInqK4,0,0,
AWsymeHLSU1f38tT,0,0,
l94kJgMBpYoODyzQ,0,0,
bVeAzdpgX7tFDlPI,1,0,
lQ0N8fd4On7TzcsD,0,0,
jhmIcH6LTxkGVE19,0,0,
68jBJULyWclT9Pir,0,0,
7prF9LJoixSgPQvM,0,0,
Q4lp0HBNfTD2xYAv,0,0,
M3Hqx1Un8ygzFTtl,0,0,
M3Hqx1Un8ygzFTtl,0,0,
cIevXAM5FRp14Nni,0,0,
8jCcfemUlPaQFx67,0,0,
ZqEa9wGAXNCDRoph,0,0,
SHbyJ2RM9oi4ZtdD,0,0,
vNgGz3Kfj1qCe92E,0,0,
9eqiWkfr8HNR0xPo,0,0,
sAtwDdFoc06XgaW9,0,0,
23EJ8RwY9PcotslQ,0,0,
oKdBRimU38Gjc9PJ,0,0,
zsADXh4cYeUjEKSP,0,0,
Q2LaKeht0Vvo1Rn6,0,0,
hszDKcUSek9dyP5o,0,0,
Mb7fevclI1UmTzo3,0,0,
rgv1ykaC29JoQlcu,0,0,
EKI7PjFs81Lc52uS,0,0,
5b2XhIBYPOCfMzcu,0,0,
n2Fm18vbEDIa53ys,0,0,
Mq4oVg68SWFBz9i5,0,0,
7hHUfbrVKp1aAFmN,0,0,
qvD82LNTpMdsAXIe,0,0,
sKPpYiV2bXWEjTLc,0,0,
KaM0rQpCE7yLYgH2,0,0,
g1qaKmR09LUXcp8B,0,0,
OKVCfRJ8X9BwxaTv,0,0,
tcPLeKdDrkYG1394,1,0,
siYq5vrJBQzkuZPy,0,0,
aLs9AwhZ85vgiRbx,0,0,
UneE7iqV6mW5HlgP,0,0,
8P6E32xNmKAebnOs,0,0,
j2vcEXIrmkH9qs1J,0,0,
CshiU6A13rR9dbPS,0,0,
6JZHOqne2YW01FVz,0,0,
kFo7T8n6wXICfc3d,0,0,
4nAlYpJof87Nj1F3,0,0,
v6iprjTLdctoJW3b,0,0,
RF9YTAlbQU5CagdN,0,0,
DYhuU8SPpywX2eN9,0,0,
Aml1h4xUJt5u6bQ9,0,0,
hcWAJdmC9avz7MU1,0,0,
9Jt0O5d3s6wz1lkf,0,0,
ZgEVkuFc0QNqpsYG,0,0,
QRw7ngTJ2A5CYBGW,0,0,
QRw7ngTJ2A5CYBGW,0,0,
QRw7ngTJ2A5CYBGW,0,0,
QRw7ngTJ2A5CYBGW,0,0,
QRw7ngTJ2A5CYBGW,0,0,
QRw7ngTJ2A5CYBGW,0,0,
06vPIQBqVNe2dl3f,0,0,
06vPIQBqVNe2dl3f,0,0,
06vPIQBqVNe2dl3f,0,0,
06vPIQBqVNe2dl3f,0,0,
06vPIQBqVNe2dl3f,0,0,
06vPIQBqVNe2dl3f,0,0,
p0FUwsNPYQKl1HSg,0,0,
BDoeHPlCiNVXEvrg,0,0,
ARIng69ZHsY7DCN1,0,0,
zPg9hyoViI8JUYw6,0,0,
cBMxouh5FEnz36DI,0,0,
Q6aR7udCFz4U5jrI,0,0,
y3Oa1dcwCjlBsRPM,0,0,
6ALsOa4BdUbFfGr7,0,0,
e04NZMmVT1qLJXIu,0,0,
9Lkxm8NewpuUVG2T,0,0,
SEFvD0TOQgnlJsWK,0,0,
SEFvD0TOQgnlJsWK,0,0,
S1WzLCPqeIT8sMmZ,0,0,
MSn1hW8XCsGTkpxY,0,0,
AC9siSxTEzyKrlaZ,-1,0,
5rBkYEyl1IU0TVhC,0,0,
WZmFIHJLqT3O1BVk,0,0,
x6mbO2rHfU3hTej4,0,0,
x6mbO2rHfU3hTej4,1,0,
8Hdtp2WE6nMf93YP,0,0,
ELck8IARbwdpgvri,0,0,
HfSMToNXhrwY3mlk,0,0,
rM6sP4AXpCfNc7xR,0,0,
14dQnL9lxMYeksH3,0,0,
vdWmiISbRku1Cl3J,0,0,
41UzNi5pMPDG7nhf,1,0,
NAC6vpWtqaTQYXD8,0,0,
NAC6vpWtqaTQYXD8,0,0,
HAVTYESJNfjlZ9iM,0,0,
42VhMRSsCcn85kEd,0,0,
Wf9T283SZphL6tQ4,0,0,
D2HpBfqwoecTkhdS,0,0,
NT3qf2R5XrGonlgk,0,0,
dm1W2BIEyJ0Gsxp8,0,0,
Mglj9pKWkY7Isixm,1,0,
Mglj9pKWkY7Isixm,0,0,
otT6DmhdEpx5Q74R,0,0,
SclmZXYIUoBv478b,0,0,
BZ4Ig9Gr7zQPM6Xt,0,0,
FLxPweOVGBTmnoQE,0,0,
H903fh4mU1dtQTiZ,0,0,
g27EQ5F4bMjSp9qc,0,0,
o9iwO8ChDBUTJ7YI,0,0,
tka3Nq9TAR5BH7Ij,0,0,
tka3Nq9TAR5BH7Ij,0,0,
lswKvJMLT50iudoG,0,0,
QG07en46S5qxWUud,0,0,
QG07en46S5qxWUud,0,0,
u3gf4yJX5SNGmhIs,0,0,
9firBmw7PNz0XQyE,0,0,
9firBmw7PNz0XQyE,0,0,
bJ5L9HBuvqgPm3O2,0,0,
HkGilbeypwMczdoQ,0,0,
HkGilbeypwMczdoQ,0,0,
5jHabez9oxP4CY8O,0,0,
5jHabez9oxP4CY8O,0,0,
eAfZWrs5b3UJP7Bl,0,0,
ocOHDW3kGit6jpBm,0,0,
xDOnv0fUogsFlkuC,1,0,
gTd84yZ6R0VLaYSF,0,0,
gsiR7FHy5YndmTXK,0,0,
nhAC4mEYRazX9dJL,0,0,
nhAC4mEYRazX9dJL,0,0,
Mj9ZO61VWTefml7z,0,0,
Mj9ZO61VWTefml7z,0,0,
cdV1254iqHpAawt7,0,0,
dRtVLIX4F60YvMbG,0,0,
Na2ezFRWDrCGY571,0,0,
s3U4wYnirNfeQ7o0,0,0,
ZvSrjpV3oYxARtOq,0,0,
ZvSrjpV3oYxARtOq,0,0,
ZvSrjpV3oYxARtOq,0,0,
j5dIzG0CvbFxlQgf,0,0,
WXLA1peMJxl2RTQg,0,0,
1YyTakcRLKS43CWs,0,0,
N9CZ1kQdnrxPaqRs,0,0,
zXPLFe5Sqvc06RuG,0,0,
zXPLFe5Sqvc06RuG,0,0,
qpPHjUw7IMJNFSub,1,0,
qpPHjUw7IMJNFSub,0,0,
JlWDb4BCsTiN2Ie3,0,0,
VocwTNU3JkR50mvI,0,0,
O7j9h8MaymUvVAtT,0,0,
wogvV9fYFN2uHxMa,0,0,
S7uwyZiTsRWX6Nzh,0,0,
CF781DrEqjJh5eHX,0,0,
5TCU9c6I3esSFVx7,0,0,
rsPHOp7WeK2uYgb6,0,0,
N0MLJFXRIE3wVl9d,0,0,
1WCAISQtuEdTZ7G5,0,0,
KH853hdTJX2nWM71,0,0,
a52KoCrScpnW8xlR,0,0,
a52KoCrScpnW8xlR,0,0,
ikqn9SVU1dDFeYpb,0,0,
ikqn9SVU1dDFeYpb,0,0,
EreqkWG8o357Htdh,0,0,
UWDsRXma9t6FpxKo,0,0,
UWDsRXma9t6FpxKo,0,0,
oK8vTpZzAag7iCur,0,0,
QqmEuP4l6sMTXASx,0,0,
AdTjwHJso1K6Xcpa,0,0,
qtW1wiyejr4zF3Hu,0,0,
m6XbwZQn9D8hqOf3,0,0,
gaoKxMwZOX7TQSbY,0,0,
4PUWD5HkGZFdcYr6,0,0,
j5dpvDJ80YWPSew3,0,0,
4SDY29tXIivB6VLZ,0,0,
x4fpOqR6sUiClheE,0,0,
H6CfVzu4mLq0JkR7,0,0,
H6CfVzu4mLq0JkR7,0,0,
jMWAIfyUN3sqTovd,0,0,
tDN57PGxglB8WOdH,-1,0,
ZbGpiu1Q9vEkHaVJ,0,0,
q8mnYHr6vAKoTOx9,0,0,
q8mnYHr6vAKoTOx9,0,0,
W8dF6ujP3KemG7ac,0,0,
vF1hy5Ple8XGEOVb,0,0,
97fvXxIlWCbBYULt,0,0,
97fvXxIlWCbBYULt,0,0,
guCoQmIawZqz374R,0,0,
guCoQmIawZqz374R,0,0,
akAurTlP2oUxnzyv,0,0,
8oeBjF7TwlPyLvcY,1,0,
JDwFsuZQMy5mVRzp,0,0,
TMYuydGFgJOWSsLx,0,0,
yQhSYbRB7gu3Pma6,0,0,
xQbOMh3lHYJNAWsv,0,0,
bX2DFsLOUIMxQzCB,0,0,
sdAoJBha65SUxfWM,0,0,
dm6eXoIg9Df0nFaV,0,0,
qopu4EsiAz9KU7MC,0,0,
VuQntJTzsOL1ao0W,0,0,
3GtNOfDcna4Mzk5i,0,0,
T40PlF3fkStJdIx9,0,0,
3s9NFKhCQk70Ti2E,0,0,
aKoINhXEle3QS6zy,0,0,
RjTnb0AcmBiaP2ky,0,0,
p8SCmcxyB1aeOTYG,0,0,
uPCDeFYmpcfRz1tQ,0,0,
lkJziVEyecn7d5gh,0,0,
xXQtrRW7UOwPCbEi,0,0,
Dj6R3K2iLuEtUnWG,0,0,
SOY2TGwFQi8Etknh,0,0,
6x4Is30vB1laSHoN,0,0,
ZAx5w2LSbkGdRMFQ,0,0,
Z1kNWAOM9rYol0Ve,0,0,
Z1kNWAOM9rYol0Ve,0,0,
V3xslWKOyv9ILquX,0,0,
V3xslWKOyv9ILquX,0,0,
7duqegOxLs2Vo8XW,0,0,
7duqegOxLs2Vo8XW,0,0,
Krp3Gzk2aNhHJ6R7,0,0,
Krp3Gzk2aNhHJ6R7,0,0,
Krp3Gzk2aNhHJ6R7,0,0,
gnpKm9FPl4Y3OL8h,0,0,
axPES1MA7I8BlcvO,1,0,
axPES1MA7I8BlcvO,0,0,
qrM0TVRhAm18Q6uO,0,0,
PXdW23e95gLOhBaf,0,0,
PXdW23e95gLOhBaf,0,0,
TBy1z62utW8GcvIs,0,0,
HWDQF5VOam2NR6rX,0,0,
heEaPY3Z1upcSxyt,0,0,
BgJk730pyovPubIr,0,0,
sJlZXtVAdKeq0gha,0,0,
sJlZXtVAdKeq0gha,0,0,
bHtilDz4Yf8v7TmS,-1,0,
bHtilDz4Yf8v7TmS,0,0,
tpl0FmwfHdM13qZK,0,0,
tpl0FmwfHdM13qZK,0,0,
6oPvUG1VLyzSKxOM,0,0,
6oPvUG1VLyzSKxOM,0,0,
YUG1zybnqjSDmZkJ,0,0,
YUG1zybnqjSDmZkJ,0,0,
USrqtIMjsYzeRi4W,0,0,
USrqtIMjsYzeRi4W,0,0,
USrqtIMjsYzeRi4W,0,0,
USrqtIMjsYzeRi4W,0,0,
fwr9qOUYsxJK0ACm,0,0,
fwr9qOUYsxJK0ACm,0,0,
fwr9qOUYsxJK0ACm,0,0,
fwr9qOUYsxJK0ACm,0,0,
Ht7R0SnZMEV1eD6Q,0,0,
5uj6bGWhXVE2aceA,0,0,
XfUjb9C4gzecudla,0,0,
XfUjb9C4gzecudla,0,0,
xsReYtP7VfJjdhSF,0,0,
tHWyUYRxdGbqf753,0,0,
tHWyUYRxdGbqf753,0,0,
6kCpDM1SoTf0jJPE,0,0,
goKCk8Rb1pX9WMHm,0,0,
8ijAZKYdwx5BXeEz,0,0,
8ijAZKYdwx5BXeEz,0,0,
e3okWLYKjs9G72AC,0,0,
jITzq8OdwA31Htxk,0,0,
jITzq8OdwA31Htxk,0,0,
t6UAah74Glob2D0V,0,0,
t6UAah74Glob2D0V,0,0,
t6UAah74Glob2D0V,0,0,
t6UAah74Glob2D0V,0,0,
CmpW4Xv207JquMt1,0,0,
CmpW4Xv207JquMt1,0,0,
4wZWbHCFdfML9KuG,0,0,
WovLRxkSqwECfc8X,0,0,
WovLRxkSqwECfc8X,0,0,
oX1pJ3yMtIaOcNWA,0,0,
s3itxIAdrfum9pcW,1,0,
s3itxIAdrfum9pcW,1,0,
pZwnM9mjutIRUkXs,0,0,
pZwnM9mjutIRUkXs,0,0,
92br5tQejaEywGWP,0,0,
92br5tQejaEywGWP,0,0,
92br5tQejaEywGWP,0,0,
j32vz0EsGwWqnPyX,0,0,
auH2N6r5nbFAiIpd,0,0,
ZwRt05lCQKhTJvP1,0,0,
h1EMXCOJgZmAU6Pz,0,0,
h1EMXCOJgZmAU6Pz,0,0,
h1EMXCOJgZmAU6Pz,0,0,
9f1boRZ3OC74gtX0,0,0,
9f1boRZ3OC74gtX0,0,0,
fqWAnpjt7x4uRYCX,0,0,
SpPEa8nQWH6hlFNu,0,0,
SpPEa8nQWH6hlFNu,0,0,
f62Gp0gW98REZAuw,0,0,
f62Gp0gW98REZAuw,0,0,
GNa1PiTpkvQS7Brl,0,0,
PQ4aUyTilNXxORcY,0,0,
yNG3vwVFWsjkRIMg,0,0,
L2XqxsdSn46Iluap,0,0,
5JBfIwshEo6tUk7K,0,0,
CmIWFZpKzrEfqDVw,0,0,
ZAPEkuB72jnC45lO,0,0,
7RN83mKkVYUHsT5l,0,0,
1NiFvMeJH0mGW3DL,0,0,
54tGhC6PrfmegIA1,0,0,
QAIbFNTvKfR5WiyD,0,0,
74gkpaVmG8F5UCoy,0,0,
yYV0rn5D2fNUwmIx,0,0,
NqFnG0WxBMp51tea,0,0,
JSysamBMxUlE3w4d,0,0,
XyZf0bjvpHk8OM9i,0,0,
XyZf0bjvpHk8OM9i,0,0,
k41e9Px3UihCG0mp,0,0,
SCZnbgBQITP40LoU,0,0,
SCZnbgBQITP40LoU,0,0,
SMJC8lbAtwDmHQr9,0,0,
SMJC8lbAtwDmHQr9,0,0,
ig1CYQufD2BrU3WO,0,0,
qLpTto5K4MyNFBaZ,0,0,
qLpTto5K4MyNFBaZ,0,0,
qLpTto5K4MyNFBaZ,0,0,
HkaSb1yPMxmniAOl,0,0,
m6Y1uZiXQ0Stj9RH,0,0,
EmMhBLe53vG2rsxn,0,0,
EmMhBLe53vG2rsxn,0,0,
C2izVwpOYvM9JjDt,0,0,
Mb7Zz60NWyakEcQ4,0,0,
HEORumQAIFNMzDd5,0,0,
gpHn7KrjRx4Di3LG,0,0,
7RWHqS9pfuaFsxM3,0,0,
pgUqmf15zBdHi4Et,0,0,
CkpXzGLZSt6YiRJ3,0,0,
c24Lb3hwHmUN6xFu,0,0,
PAZY0lb9LHWEVGfJ,0,0,
hVKzEGBZYareFNQx,0,0,
xipCKcrkQZHUS2W5,0,0,
on3Flj4VIavWHbCX,0,0,
pXEC2P7BzGYmUxiy,0,0,
EWYyMFKH31x5GleP,0,0,
uk17vcMZBn62Nhie,0,0,
NQZHaLmIEezTJ4RM,0,0,
co5nyPfVM90BZkDA,0,0,
u9cyYrfEjDaT84UH,0,0,
u9cyYrfEjDaT84UH,0,0,
gJBbLW7NHT8iOnpx,0,0,
gJBbLW7NHT8iOnpx,0,0,
jZRuDrH5O2XG16Ac,0,0,
jZRuDrH5O2XG16Ac,0,0,
flA3kPNCHaVpheZo,0,0,
Ktq3p75AxoNGWCwn,0,0,
GsF02l9KgVvqJhn6,0,0,
otQSEuPxej9lZnRI,0,0,
nO5xei9AWYfENbR4,1,0,
nO5xei9AWYfENbR4,0,0,
CLvyj8XoId23B9nH,0,0,
CLvyj8XoId23B9nH,0,0,
tPHVDaFl6JZX3QOT,0,0,
tPHVDaFl6JZX3QOT,0,0,
l4GZ17PmtNV925Ti,0,0,
6GjoJk7wyDZVFQ3C,0,0,
6GjoJk7wyDZVFQ3C,1,0,
bnJs8fFTetghcwOu,0,0,
oxfEewZ2OpLTQHCk,0,0,
oxfEewZ2OpLTQHCk,0,0,
rMGqhFUk2caWpL07,0,0,
4aUn8IJ1to3uCeT6,0,0,
khucIwyDv2Jir5LF,0,0,
3jSw0GWRJQ9BXoyt,0,0,
9MZEmklAn4bBRHwc,0,0,
A3fB0LW9sSgyZx8e,0,0,
A3fB0LW9sSgyZx8e,0,0,
5vHgNbhRuU7IEK0W,0,0,
0gTQCnKUoP9zv5mS,0,0,
YdwaSTE8ltUiZHDM,0,0,
ov2mM3EU7uH9A65Q,-1,0,
HwhtEmxKsTj1aCIP,0,0,
h6TQ97vDpJG3kHoS,0,0,
cVlv8HZPjB6m4y75,1,0,
4WOkTuMarEPw5fo7,0,0,
4WOkTuMarEPw5fo7,0,0,
XcTm3FlvduPys08h,0,0,
kjXVLom64WiMuQwK,0,0,
e2ATqS3JlL7ob1zy,0,0,
SodBsCOQX81g9npP,0,0,
BcEzqdb6HlyGae17,0,0,
nPKxqrigWs2zo3AB,0,0,
nPKxqrigWs2zo3AB,0,0,
oPmtKcq25v7i1WBL,0,0,
BtKIWmdH0Zlk6jNX,0,0,
DWCAvrcNBPwxZFpI,0,0,
BxtTSEmRsLWMFvI5,0,0,
cWPZhVkyJmlqIxpK,0,0,
7CHjv8VgkXozbhEa,0,0,
x3cetT4bV1iw5EDR,0,0,
Evg7IudDBGn42btA,0,0,
Evg7IudDBGn42btA,0,0,
Evg7IudDBGn42btA,0,0,
iqfN9xbm4kestrQn,0,0,
iqfN9xbm4kestrQn,1,0,
oWMCgrBjRVFU0mKN,-1,0,
gC1Viv9aXJSpjnRU,0,0,
gC1Viv9aXJSpjnRU,0,0,
esnKxNyH6YRCvplI,0,0,
XJRznHOEuCaLZ3Vy,0,0,
NvQXnEqaGgiZcRzh,0,0,
RP7kyNVaSbjedXzn,1,0,
2P7XFg6CqrktpmTo,0,0,
RBY2ermiwKvUZu3J,0,0,
bxH8MZCi09LpoRNQ,0,0,
dbY6SqBE9UiItGka,0,0,
GSkEx7rjYUKCvPB0,0,0,
2mpYHKbezMT4aRD1,0,0,
zQ9gsJmFyPX64YMA,0,0,
9dEcZPq2Vb0rfupR,0,0,
kP3rhzZJTtsldbUR,0,0,
kP3rhzZJTtsldbUR,0,0,
aR76ShpmzdBZiFt9,0,0,
gEiv0n4qTj1MPUuF,0,0,
5lFRLkuUODQ6wJES,0,0,
JgOyYlvReIxEoCGU,0,0,
vZJH7btSIYN6jkXC,0,0,
vZJH7btSIYN6jkXC,0,0,
FjfwQc9OmzDuVA0p,0,0,
FjfwQc9OmzDuVA0p,0,0,
NvnHL1P70qZxFfbr,0,0,
NvnHL1P70qZxFfbr,0,0,
PIa7mWRdnD4Y1SAt,0,0,
JUISr7g514Y8VEoj,0,0,
yC3afKYxGScuBvmE,0,0,
23dl14boAyWkLuOr,0,0,
wutzFdCyRmBVZUPf,0,0,
nEV4Xq8QmFIWDsSf,0,0,
XdaQmi2cAYqHENIx,0,0,
sa0dj6BixK8QJOpb,0,0,
plOukMgewSH5dDXU,0,0,
C3XZHxoPsjNYBdun,0,0,
zDwITtMRVu10sqey,0,0,
wpEQ0ZFLoJtVBiN5,0,0,
tNGBT56AL3kcJy1g,0,0,
tNGBT56AL3kcJy1g,0,0,
HmYrcn0IFNevJ7kK,0,0,
juCpqT3UcFW1o06G,0,0,
qi9FRgkn70yJhV8d,0,0,
qi9FRgkn70yJhV8d,0,0,
NjgqTBvlH68mWId2,0,0,
FnxNHYEG7VKrLpjO,0,0,
FolwpA0yfQLrZEiH,0,0,
C0iG5Nud48OmX2Pk,0,0,
DamKXCFiZHT37BGO,0,0,
DamKXCFiZHT37BGO,0,0,
RjfU4HnaO0KSzlpC,0,0,
E3NbgOkJ9tlinSDp,0,0,
E3NbgOkJ9tlinSDp,0,0,
E3NbgOkJ9tlinSDp,0,0,
C1jK43ImNPsUTYuf,0,0,
m4Ps7aIlUHdNQ96D,0,0,
m4Ps7aIlUHdNQ96D,0,0,
WaPyGLwQE0izcMd1,0,0,
uHMWwOS43IQ0fK96,0,0,
FHdO4pZhf95D8bzi,0,0,
T6UWGk0OZmbgE9xL,0,0,
gn3HYMKi4GkDQT0U,0,0,
QLfuikY4NcvKZjW6,0,0,
9OS84ZmRFWL6nu17,0,0,
9OS84ZmRFWL6nu17,0,0,
pgfSJHQPcouasvLX,0,0,
i8yeJ1PhSDWQntf6,0,0,
u6GAPLMJ0Z17jpcK,0,0,
iPvq0uXhLj4zp6V1,0,0,
6veUACrcbaDWgSPq,0,0,
wIhbC0s3jmGKW8at,0,0,
wIhbC0s3jmGKW8at,0,0,
2WAtqCpk3EHsYNLG,0,0,
qSoKXCQmPf6v3aEA,0,0,
FZmN0vrUKYuVsDtl,0,0,
LaG0oqHdbXiuc567,0,0,
LaG0oqHdbXiuc567,0,0,
CTatqAVoBvLW4GbM,0,0,
CTatqAVoBvLW4GbM,0,0,
CTatqAVoBvLW4GbM,0,0,
CTatqAVoBvLW4GbM,1,0,
CTatqAVoBvLW4GbM,1,0,
Lxkirv1mpWqPR4SD,0,0,
Lxkirv1mpWqPR4SD,0,0,
Lxkirv1mpWqPR4SD,0,0,
Ia2LrtOkdXybueES,0,0,
MvTeRyIP3bDq89Za,0,0,
ECRjsnbiIY74PpDO,0,0,
5vIQZ276cW9nhlUs,0,0,
AzyW4NBUETH7vbgP,0,0,
AzyW4NBUETH7vbgP,0,0,
YzigLBmP9naDrOkd,1,0,
YzigLBmP9naDrOkd,1,0,
MLKIN0SUHq5v8zYW,0,0,
gt9voj04c3eQlOHs,0,0,
wDxEtaUH3zLoPAI2,0,0,
wDxEtaUH3zLoPAI2,0,0,
OBd3i7fxTRQSL81h,0,0,
cD9s48BbWiwykgU3,0,0,
4IONEgTitCLGye9Z,0,0,
OSwysxEp1KTU4ZGV,0,0,
KY8LH4SCnWqD5d7j,0,0,
KY8LH4SCnWqD5d7j,0,0,
meNdXs32PROBrfkH,0,0,
meNdXs32PROBrfkH,0,0,
k05bFn6OEedjq9vH,0,0,
k05bFn6OEedjq9vH,0,0,
YUkilVqunSyWdFAJ,0,0,
nmldu0FiyIZS9Tj3,0,0,
Evce8rR6PZIXdsyF,0,0,
JQacu8hBCoZjdsPX,0,0,
o5G7A3ZwMImPHbnL,0,0,
o5G7A3ZwMImPHbnL,0,0,
xjSBDmyXaifbcCKA,0,0,
WL6HsMEi3kNXjbwQ,0,0,
WL6HsMEi3kNXjbwQ,0,0,
WL6HsMEi3kNXjbwQ,0,0,
6hfTwBpMCeHUqbux,0,0,
dXJM8HgpAFsGOnWU,0,0,
87qamroLVRjO2T5B,0,0,
87qamroLVRjO2T5B,0,0,
Yry8UHfBKa0jsEJD,0,0,
Yry8UHfBKa0jsEJD,0,0,
FVsOCzBcxbwJh2T8,0,0,
mjA8z56SRBw1nhp7,0,0,
aERCNQcw9WPjtSTb,0,0,
zOgYypuoj3DnHqdK,0,0,
zOgYypuoj3DnHqdK,0,0,
7el5K1ChiVGLaDyJ,0,0,
kb4dKYRZEAnFToIQ,0,0,
iVy9LYUc8HeQ0sdF,0,0,
UAecLQb5yPFEoSuj,0,0,
yYc8UX9WwPen0FbI,0,0,
6BaeLJtDuKXYQgb7,0,0,
wB1jPZH8753R4lJk,0,0,
wB1jPZH8753R4lJk,0,0,
p9uHKcz3FYlBmieC,0,0,
fRC3VjrYoL2OFZNz,0,0,
fRC3VjrYoL2OFZNz,0,0,
X7lts6RbF4eO2LhN,0,0,
3W9IVfP4BuTlv6Fa,0,0,
gAvGSLtTWClK360I,0,0,
FXbmRq815WQnuSeO,0,0,
lT1uLWgaswAOUjdk,0,0,
JuzNxctnG7QbFKso,0,0,
m6FcX2ICDUNGRqnw,0,0,
9IGP8J5XtxWnjBlo,0,0,
Sv7PqgH5IRpQst3W,0,0,
bEKPlxQCA4pcwHNU,0,0,
KYyblSApEOBWR0eL,0,0,
faUv4IeOMgAJD7NE,0,0,
bj6H0Og3DuUkYyim,0,0,
09hwsk7P5cvaVKXg,0,0,
pLKVyHlB9n6Yr4XC,0,0,
pLKVyHlB9n6Yr4XC,0,0,
TZORfDtCeIb9KJwE,0,0,
KAGgiNr3WmDIoyeJ,0,0,
vD9VeG2iBSbuR4FY,0,0,
lZdp0QNELeyfo8Di,0,0,
lZdp0QNELeyfo8Di,0,0,
lZdp0QNELeyfo8Di,0,0,
FaoyPdLRkElUgb15,0,0,
KEOIiakFoBJr2dRp,0,0,
6e4AszdSm1Bwy5MV,0,0,
mebpq27hozx0Hv4a,0,0,
6yzHFPa2VT09plQj,0,0,
KvLw6eoZ4FjzdYIN,0,0,
O9lkmGTDUgPqoF4i,0,0,
O9lkmGTDUgPqoF4i,0,0,
sentDHB4yQAGR5qd,0,0,
9v7qXWnwuIgKDBER,0,0,
9v7qXWnwuIgKDBER,0,0,
b6KteS4iBquJc0FW,1,0,
Uin59f1Ar6ELcmZu,0,0,
MR0mcoHQrWXFqJAU,0,0,
QvF7YN3B0UdfjpLT,0,0,
w587hbgUGyIAJCcF,0,0,
UPKih1JczNOf3YdR,0,0,
qRO9TKYzdVfuFtvw,0,0,
XVWc7EHDPM3BNhqi,0,0,
pXrRtj4S6EHLeuGJ,0,0,
OoMbuNVpZ6IUhXLC,0,0,
OoMbuNVpZ6IUhXLC,0,0,
OoMbuNVpZ6IUhXLC,0,0,
nu5x4Ke1zQvAWrLw,0,0,
9ldhWyQnDV3Bpr4J,0,0,
g0fZRwv1tWXLloUr,0,0,
g3b9aYo1wISymRn8,0,0,
SDzAtskNR2rebiu3,0,0,
IdusAw5VFOpLztJ4,0,0,
LAxDmybokc5IijXh,0,0,
LAxDmybokc5IijXh,0,0,
EDjrVy06wW1QKsCn,0,0,
OxIomfCngcuTyaEG,0,0,
z8GLtQDSY7ewo2Rx,0,0,
z8GLtQDSY7ewo2Rx,1,0,
z8GLtQDSY7ewo2Rx,0,0,
zfY1mTl6IdCeN5oW,0,0,
Ws8FLlqgJdvjmpkf,0,0,
qprZFwPWEnxV7mUQ,0,0,
CYXkDtqioJyxbGHZ,0,0,
yYz7M2WaHrZgXhuc,0,0,
IoC4kMGmBzZLvabl,0,0,
qNCMRgG1xvrysUTL,0,0,
gCVavlsY0mF25dzR,0,0,
GflobpT9ijXwOdUe,0,0,
cSMj9dkghvyolA8E,0,0,
ZXJDu2QoKyFcantL,0,0,
1BwODEj0vsXiWGTP,0,0,
usM75JBUIWXqh81Z,0,0,
usM75JBUIWXqh81Z,0,0,
ansHJQfY3d9RANEc,0,0,
5ORFufGL1gJqPXcb,0,0,
uj70WQBqvYT6wo9R,0,0,
BnYHIo1OSfQNDwKE,0,0,
WmHgCXdOIslED5NQ,0,0,
rIka0x2W9MlpPw6V,0,0,
rIka0x2W9MlpPw6V,0,0,
BNtFyKUzcO4P9SVe,0,0,
H2isRZMPX9C5bxkF,0,0,
H2isRZMPX9C5bxkF,0,0,
ELdjWvrgNzpR5shX,0,0,
DSPzKeLH0uhMtqbj,0,0,
kH1Uj3GozYiqpt2E,0,0,
drjKsNTnk4mWUP8t,0,0,
iqkfESIHX5hjN1B0,0,0,
7fe5siYPBWZADda8,0,0,
f6as9xEbvIQi75WS,0,0,
21BHMtZ3lbmzvYWI,0,0,
2vSQnRuZdGO1MFUi,0,0,
2vSQnRuZdGO1MFUi,0,0,
utZCnePpvXOERx5L,0,0,
J604wB2pgGfuDicQ,0,0,
vgkYQtw06TsAENDU,0,0,
7OBdlZ6YKp95SVGH,0,0,
Qykdt2N3oGAhrgOb,0,0,
Qykdt2N3oGAhrgOb,0,0,
Qykdt2N3oGAhrgOb,0,0,
Qykdt2N3oGAhrgOb,0,0,
DV9qcNmIg8O1vFHY,0,0,
jBqdNvYz46f9SiUA,0,0,
CiKS6BEcV9txNe8F,0,0,
SNZAupTeyE8f3DOa,0,0,
SNZAupTeyE8f3DOa,0,0,
SNZAupTeyE8f3DOa,0,0,
SNZAupTeyE8f3DOa,0,0,
aWVobSZ95j2gydMQ,1,0,
cXPlC8xS9NBoZmvI,0,0,
HPR0bSL3CZhuXiNF,0,0,
92GLtM6NPu0CQlbq,0,0,
AdicesC0Y81JQSt5,0,0,
d9Yo1whB5EkNLPJZ,0,0,
u6Y8DSB7nZWlgJNv,0,0,
TcW1r3peXbjy7mEd,0,0,
TcW1r3peXbjy7mEd,0,0,
jFysDmnNYI1RK9A5,0,0,
jFysDmnNYI1RK9A5,0,0,
uzHYh189ySlcvQtL,0,0,
uzHYh189ySlcvQtL,0,0,
MdDwt4EsZpWoHKg7,0,0,
t6nfBVjDOw9vxmqr,0,0,
7vM2TIJH9Qbe5qcN,0,0,
7vM2TIJH9Qbe5qcN,0,0,
7vM2TIJH9Qbe5qcN,0,0,
ElD4L916Kqu3foVT,0,0,
H6rOgMiWeovFyYQD,0,0,
X9tW1vklqjHU20yp,0,0,
X9tW1vklqjHU20yp,0,0,
ZMD2lEGc1F5uvbKY,0,0,
bvYTCJoyWRrFdIOe,1,0,
bvYTCJoyWRrFdIOe,1,0,
M2CRIPTD9b5Gcmds,0,0,
4E9Ahb80ecm1LMUQ,0,0,
wDhOp9q0JeCAod2G,0,0,
W67mPuqewJ9aMc5b,0,0,
h8s3jBtw1NgiF6DI,0,0,
nmVxt4Tyv9CJW7ag,0,0,
1aYrZnCMKBoX3s4E,0,0,
7ieCQ419O6jBvbWk,0,0,
lMSvUoJmbs5aOAr4,0,0,
bV7YdEhL4BQaCprz,0,0,
BevXWnqDitsjJQhY,0,0,
8tWqrNif2d1vn3yc,0,0,
jH26yO7biuw3Vgk4,0,0,
fJdn62OWukaoe4mM,0,0,
W2LdbRay0vZTi5Pz,0,0,
oLOFZx6IuyH9CAEB,0,0,
S9nuf83qIRJ0C16c,0,0,
Kj9XGruNPEwWDRiT,0,0,
X5fKCPbQla9MGyO6,0,0,
X5fKCPbQla9MGyO6,0,0,
LzMP3x6NiRIhn1J4,1,0,
qjNEdkwbV26fczBn,0,0,
EFGwePH45xyBWUcb,0,0,
Bf2kUCiYsx8zVuKZ,0,0,
zCKD3i8kc2svrQSW,0,0,
UbCTsEBa7D4loFLf,0,0,
96lEufPqmH10BpoO,0,0,
UuaVhwncR36Aoqkd,0,0,
UuaVhwncR36Aoqkd,0,0,
pQmLUbXGln3RJjxE,0,0,
lByQnzOS3A7f0ZPu,0,0,
Qs2XdNyZezG5qDm0,0,0,
Qs2XdNyZezG5qDm0,0,0,
oAMV9ZCFlh5IizHD,0,0,
cKxH2Pd8M3JQD7ja,0,0,
fVTD5JUWYQe3R2w9,0,0,
TF1dEg2cpsnyC9N8,0,0,
yiRPIe8JqXH2opuB,0,0,
7Trbp0cZ4wfnJdxj,0,0,
ypgtWM4Ks3ZR2BdN,0,0,
ypgtWM4Ks3ZR2BdN,0,0,
BC5xyqD04oWeYRbl,0,0,
pJUOMHKviuEI4bSG,0,0,
5cq2rLbojOuFiMZS,0,0,
RCEkxf7X04bpOIwa,0,0,
tfIs4yCeYoFlBP3K,0,0,
7n31fAPQvzuZDE9q,0,0,
UPAlpjdvTWcIXMVt,0,0,
CzcmFPdZspvxhn15,0,0,
CzcmFPdZspvxhn15,0,0,
4NjVBL3t7FWqgPJX,0,0,
K1T0Cn5cNdOzEbpm,0,0,
K1T0Cn5cNdOzEbpm,0,0,
iW9kR0Uf7h1ENxKa,0,0,
dVpfHBG9yDblOAE4,0,0,
I5yzgdLlFQDfnRpC,0,0,
I5yzgdLlFQDfnRpC,0,0,
I5yzgdLlFQDfnRpC,0,0,
I5yzgdLlFQDfnRpC,0,0,
X8JCHV1snwA9LpES,0,0,
X8JCHV1snwA9LpES,0,0,
HsIpqzCDF5cA39PZ,0,0,
QstBTHJ6o7UXY9vy,0,0,
rjDtVbpdoYgfmnTQ,0,0,
nZ56RpHemMzEYCVd,0,0,
zalAOVtiG1Upe8Jk,0,0,
8SLQhgEHsDZiY0G3,0,0,
8SLQhgEHsDZiY0G3,0,0,
JcbGvKkp0oIltRCA,0,0,
tKvrRDxVkGFci1WC,0,0,
Qi3VU1KWJEP8egYC,0,0,
r4ph3Ad7ukP8nJRT,0,0,
r4ph3Ad7ukP8nJRT,0,0,
9yHswJVzLYWBv7DF,0,0,
jlJM5YCSrXygxOpD,0,0,
rbjBk0wUl2FKa4hi,0,0,
hS3dVHQLOcKrPkBy,0,0,
eFzO9ogbIJZ3EwYR,0,0,
Jz6Vt38OHGymb9M2,0,0,
Jz6Vt38OHGymb9M2,0,0,
VqT6oaI7dRkEsvJh,0,0,
VqT6oaI7dRkEsvJh,0,0,
qy54altSUH6NnjzI,0,0,
uQRGFCrTxONUekwd,0,0,
xbHDrupSlPEoGLQ1,0,0,
L9tO1jeGMzmZUx0J,0,0,
gyXcsSC2eHJ0GdTo,0,0,
gyXcsSC2eHJ0GdTo,0,0,
UzlawP67YSAO1HWD,0,0,
JQ6CTFYDoSihxXWr,0,0,
LdSU9FJKYkja2pwn,0,0,
rC9gjVLbJeKUt8Zv,0,0,
hTmRLDS3H610WEGJ,0,0,
hTmRLDS3H610WEGJ,0,0,
LobyXDu3GfzvTO6i,1,0,
LobyXDu3GfzvTO6i,1,0,
Sow4k2ylRDgvFm3f,0,0,
dTsLzOxYeA8yNCBh,0,0,
Zz9IUVhrQgJqeGv7,0,0,
YSeEn5CvJ1FkgoQh,0,0,
ZVTLb5YBRHwAs4qh,0,0,
6jce4mRanQMGoE9b,0,0,
dEQ2H6yVaAh7P5j8,0,0,
eiR0Iy3lLo8JEYgd,0,0,
S1hHF3MijXWIbzwt,0,0,
6i0Rzsv4pVEHkXM9,0,0,
VJuCFZrUz5RapBgX,0,0,
XKjTBw5OP89DQLvF,1,0,
hScziZFfO71Gb02l,0,0,
hScziZFfO71Gb02l,0,0,
KYaEbkqyUBA4Dtou,0,0,
wGXiACrD3ymLkBR0,0,0,
6OdjnoPyKUQaDv31,0,0,
xfLZk8MAbU6OQYVp,0,0,
f0nyPXhJAbr3ZxVD,0,0,
Wguopj3ZQzSH6Bx9,0,0,
EYSxnr1eUpbQwLuA,0,0,
7ADnOoqHVgKSbLuR,0,0,
1yjVZfueAY5JPlhK,0,0,
SVDsGBzTyR7geUJZ,0,0,
i24bgYQmtysxEKz9,0,0,
i24bgYQmtysxEKz9,0,0,
uNQz1OtKm2qviDR6,0,0,
Gi3vb2Ha0zCoTk75,0,0,
kvluCRfjq3GIhLaH,0,0,
kvluCRfjq3GIhLaH,0,0,
QPt1bTO5yKpD8Hx6,0,0,
Z0SpD3Pvtoj6x1le,0,0,
KsAywUF0QmbhYG7j,-1,0,
KsAywUF0QmbhYG7j,1,0,
bEf1ZICFYTW97Lr6,0,0,
IUOaATJujgxtLpsw,0,0,
IUOaATJujgxtLpsw,0,0,
IUOaATJujgxtLpsw,0,0,
ocn2sERkmjqQXu4a,0,0,
SrzCwMmb23Uf7PKg,0,0,
SrzCwMmb23Uf7PKg,0,0,
PSZohVxMmTkD821t,0,0,
QKl2ZEa7RoO1D5gx,0,0,
QKl2ZEa7RoO1D5gx,0,0,
MdWhZP1Uj4xYNL5b,0,0,
2u0Jcw8TEns6KlQp,0,0,
uziQ92KcdPaOLAjw,0,0,
uziQ92KcdPaOLAjw,0,0,
UR7s1tVcHXWNTZhy,0,0,
UR7s1tVcHXWNTZhy,0,0,
UR7s1tVcHXWNTZhy,0,0,
PkoMaELQGUmgFwT4,0,0,
aExKDj9fJ3uMWRAh,0,0,
mvkRl7asobxzLMyG,0,0,
OP3A1vDpTWIV4QR5,0,0,
fl2Goc9ZTbimrqgY,0,0,
TfQUE3IXugtVsHFN,0,0,
TfQUE3IXugtVsHFN,0,0,
SNJBxVqDgp9vAKTr,0,0,
SNJBxVqDgp9vAKTr,0,0,
sgIYzSvnFhjBVPmN,0,0,
qRL2WfeDsHiExTJV,0,0,
EZmH5rdOcFoyK2UG,0,0,
ilVBrAke3EZMUyPt,0,0,
ilVBrAke3EZMUyPt,0,0,
ilVBrAke3EZMUyPt,0,0,
R9X0n8kExU7IDWC4,0,0,
WxEeKpSHrmBI7Clj,0,0,
JeE3SgAtsuXwRzW8,0,0,
snz2FbtveQmiBkSw,0,0,
rYhGEQicpHP8tZj2,0,0,
znAvgJaTW4M0BfmG,0,0,
D925FbmgOYIfyoAv,0,0,
YmJvLaRo2IEViHA9,0,0,
YmJvLaRo2IEViHA9,0,0,
4yL7D9NefqodO8FB,0,0,
J0bUnY4IPvZ1oaCt,0,0,
p2DgM5uoHAT9XPki,0,0,
aU5RcOCxXFNZ3tvJ,1,0,
zlWsZHG3KjfiUSDb,0,0,
3Cw8jkALXivOMqfx,0,0,
3Cw8jkALXivOMqfx,0,0,
wRzlYSopnT8tHMmP,0,0,
T1UXBuIpaJxt2Rkh,0,0,
UdaiYykEnSQ4txcL,0,0,
UdaiYykEnSQ4txcL,0,0,
UdaiYykEnSQ4txcL,0,0,
WYy2vQpGH3eAhtrz,0,0,
9fqL8bdKWXJcThNu,0,0,
9fqL8bdKWXJcThNu,0,0,
4oye1CWiz3OBaKTl,0,0,
lC9WBmsbinDwXrPe,0,0,
QrHi1I9AM75BdZcu,1,0,
QrHi1I9AM75BdZcu,1,0,
QrHi1I9AM75BdZcu,1,0,
QrHi1I9AM75BdZcu,1,0,
f9xNeIHwOLTAls2W,0,0,
gzYnU9GOx2B3TFla,0,0,
s27vTZQLJUfh5mkA,0,0,
iUbCNmvynucYRj5X,0,0,
iUbCNmvynucYRj5X,0,0,
2UBZ7gjF0de9SRWc,0,0,
BOd0oJ6g1hTnkKuL,0,0,
RZmu9FkdT04Vpx85,0,0,
CB8xX6FdUeSJia1c,0,0,
JjiHAduZ3KN1vBmE,0,0,
cSAgX960KizLGv1e,0,0,
wKQIg3OYrmpie2nT,0,0,
ldP5hcgTAKWfBbGJ,0,0,
xUHl0LQJ9usiCwcV,1,0,
xUHl0LQJ9usiCwcV,1,0,
xUHl0LQJ9usiCwcV,1,0,
B4xdCgYTVyvurDUj,0,0,
ZltvGnA5m13WLTKg,0,0,
3p07am26KFC89NBM,0,0,
EXSrYLdzcQvjyT74,0,0,
EXSrYLdzcQvjyT74,0,0,
m9clDQRHJEe7BVjd,0,0,
K5J3VMGmEbHty2ZN,0,0,
4SNleaZoPbsivAJE,0,0,
0lDiXVGqkezETMvb,0,0,
0lDiXVGqkezETMvb,0,0,
H93sL4ngdmJGtARS,0,0,
H93sL4ngdmJGtARS,0,0,
BnCoOXjLN9GAduti,0,0,
4qUJbHaBIm5jXeuV,0,0,
xBDNvMtL8ZQbg4IU,0,0,
uA95avdpWL3YmUGf,0,0,
uA95avdpWL3YmUGf,0,0,
NeHxKWiUoZbQD9rl,0,0,
mxRIU03nkN7QSbKj,0,0,
SW2KCuFyexEhYBVN,0,0,
U3QFHRfOXGTYw8Im,0,0,
tHD0xImBS5ZLh6nU,0,0,
tHD0xImBS5ZLh6nU,0,0,
tHD0xImBS5ZLh6nU,0,0,
LC9Fk6UJfY2157va,0,0,
4Gu5FCl1ypm3MYjh,0,0,
4Gu5FCl1ypm3MYjh,0,0,
4Gu5FCl1ypm3MYjh,0,0,
4Gu5FCl1ypm3MYjh,0,0,
8pJX65eRkD7rd9cW,0,0,
kGBvJTFlncWIX10z,0,0,
zORsTibanUPKqA7h,0,0,
TmUA689Qhy3qnEVI,1,0,
TmUA689Qhy3qnEVI,1,0,
FATNSQnbGueDtVOf,0,0,
FATNSQnbGueDtVOf,0,0,
xHGBLXJ46qubCzYA,0,0,
zy2ZLBUmdKwXcE3x,0,0,
nJlaY3rVAPydU597,0,0,
he7O3saXxQzl8MqH,0,0,
SDKT7uqyZBLV5cMt,0,0,
UjvyLAzGgJIRDbla,0,0,
b1UBLNhDWS7mQgJx,0,0,
JoXT2sebKRifZnN5,0,0,
gKNIduqReyQ5SlGA,0,0,
td5LqgfD2sWUjPTY,0,0,
msfUBPLAMIHYVkKZ,0,0,
LkZGyAF8qdNfuQBt,0,0,
rvsFY9xykTh4UR3P,0,0,
rvsFY9xykTh4UR3P,0,0,
iJj0sV7WDoPpxC3B,0,0,
fxc5HJd6vlU2n3wV,0,0,
PL4QzxNe8wsGYd2t,0,0,
nX561cF9aYChtfsA,0,0,
fjtVdyKrDesmcGv5,0,0,
DcgBNjtiLyvfmbwT,0,0,
hY4bE1WceJXvfxkM,0,0,
bMZLdocNjy9zhtUV,0,0,
bMZLdocNjy9zhtUV,0,0,
bMZLdocNjy9zhtUV,0,0,
HqdWmhoDNjFyMVBY,0,0,
dc6lm3E98HUX1BqT,0,0,
Z4z0htmdXfHnEub9,0,0,
6vaKfrw5bUSeOdDX,0,0,
6vaKfrw5bUSeOdDX,0,0,
we7MboXtYGQCuByK,0,0,
IBnweMx4ygGZObjJ,0,0,
fAjQZhGbsIdPxlN3,0,0,
5sC9Gq4L713vcpWt,0,0,
Y52oLvaXJ4NfTiHp,0,0,
hkoHX79LspCBglwO,0,0,
29zOhgdxb5Ry3irG,0,0,
oEw5Vt6lpeX2Adg9,0,0,
I5AGQL3jOYwUkbte,0,0,
JZcztNaO7jxwLlYG,0,0,
Jma4BfpWTSwk6x2U,0,0,
Jma4BfpWTSwk6x2U,0,0,
zwP3YJrWTxNnv9F0,1,0,
cYPmsrJMOa4nlDou,0,0,
cYPmsrJMOa4nlDou,0,0,
ZqIDRvrB8fwCNXu9,0,0,
ZqIDRvrB8fwCNXu9,0,0,
fDUYhMEs9wBW1o3L,0,0,
kJ3zZl2fvH1sO5SQ,0,0,
kJ3zZl2fvH1sO5SQ,0,0,
bdqIDluG5kZ8yB0E,0,0,
hRdiWSO5TFyoEteD,0,0,
hRdiWSO5TFyoEteD,0,0,
trkwUxXBOTW8scKv,0,0,
trkwUxXBOTW8scKv,0,0,
NYcdrFwQitb953fo,0,0,
kXqR9l7vUaWsmrVT,0,0,
MrigDFAYRsEfINkq,0,0,
MrigDFAYRsEfINkq,0,0,
MrigDFAYRsEfINkq,0,0,
CtOKSDwIzyrehEci,0,0,
YBVgolr0QpKSHtjM,0,0,
3IXzVv7KpRC2tdQS,0,0,
oUS5x2RH6YKb9rOZ,0,0,
i8hcmETg5CBa02Sj,0,0,
5USD0pfeCldLT79m,0,0,
pt5BcYLVWrAXq0GO,0,0,
uRXVYHAPQ2c6xMCO,0,0,
056sXLUenx1pItMv,0,0,
LlYeGpEUvji8yc67,0,0,
3pjICsZE4KXyHYA8,0,0,
7XMHcBdeo0nKRNrE,0,0,
PRzBNSQ0WvlJXjcG,0,0,
cRefvwSOFjd2pMCl,0,0,
cRefvwSOFjd2pMCl,0,0,
0VapY68qAvofEUgt,0,0,
X3zZC0KfxVIMON5k,0,0,
X3zZC0KfxVIMON5k,0,0,
QHrK5zZkTX4wWude,0,0,
QHrK5zZkTX4wWude,0,0,
WNhHv91fmt6OaSp5,0,0,
Mgw1hyc7iC9AXGn5,0,0,
Mgw1hyc7iC9AXGn5,0,0,
0FhVawIBEuy3rkZt,0,0,
kbBPiGVeguLMQn4c,0,0,
EWSFin1l7JCw0yOb,0,0,
EWSFin1l7JCw0yOb,0,0,
KDk7SlN9q1BcFa2u,0,0,
R6XfcNGFio7Sq9VA,0,0,
4EUXhTtA5Il0DPGY,0,0,
4EUXhTtA5Il0DPGY,0,0,
pwiRFTLHz7r5JNWu,0,0,
SR6Q1IwTKUtVFb4p,0,0,
QgBLtMbjoW5zqFwV,0,0,
PlcNETm3FtzryiJf,0,0,
N9h6FfCaZiQImWgE,0,0,
BFObiKUfX40r7uka,0,0,
KgHo2XNmz59SLbPI,0,0,
BLpnDEK2MgYWqFhR,0,0,
BLpnDEK2MgYWqFhR,0,0,
BLpnDEK2MgYWqFhR,0,0,
BLpnDEK2MgYWqFhR,0,0,
mfvyRCK1dM4qtHBo,0,0,
S9bdvzojeuU1VILW,0,0,
hcapYTBox42WsSZI,0,0,
krfRF6zIw8uNjZhx,0,0,
SlMeUu5ivcAJqVX0,0,0,
MvwkAXbiFdxrq4U8,0,0,
MvwkAXbiFdxrq4U8,0,0,
lIZrYjg4U7aBOzwx,0,0,
NGyshKCTUfntF4E2,0,0,
4Kd9bsYSFvMipwWy,0,0,
9y47pHYWnBKmqSjb,0,0,
0UFPpKZAuO58jTk1,0,0,
DZLR0tNlrT1u4fjs,0,0,
p8KlrEFaMN7kw49d,0,0,
tI35NaPYw98BOrWi,0,0,
OJAalMdiGVwc68Tk,0,0,
OJAalMdiGVwc68Tk,0,0,
OJAalMdiGVwc68Tk,0,0,
OJAalMdiGVwc68Tk,0,0,
SNAizMQGUJCYBntZ,0,0,
7ie4ysZjXJ5VUDuM,0,0,
7ie4ysZjXJ5VUDuM,1,0,
oXH1rCKNQeuSzRaF,0,0,
CIUjik9uDBxWScgt,0,0,
Bdw4SNHzOleoPqWj,0,0,
DHMPwZAtEV1mJXhT,0,0,
v3S6zNeBut2g75KJ,0,0,
o7xQ3LOfbgdekw2a,0,0,
65t8T14jmI3BnKED,0,0,
et5VZWzFxImKYRvj,0,0,
VDXmqcPTKF7dtenW,0,0,
10jN9LtICWPOEuhn,0,0,
10jN9LtICWPOEuhn,0,0,
uyRJHd68iBMel7cD,0,0,
uyRJHd68iBMel7cD,0,0,
XHMZeUz9uVfik7rA,0,0,
E4F8RcQVtDWxpUiC,0,0,
G1tPfoMLxbkemFuZ,0,0,
Hki2n0YSZBA8hdpg,0,0,
Hki2n0YSZBA8hdpg,0,0,
lZIUTWFehBJpPEkX,0,0,
KgqCX6eQjJl3TmPL,0,0,
DJtXGd9TIj7oHZhi,0,0,
CGHU6PwzZKXduLVI,0,0,
9BFHXUj4RpgNcY3r,0,0,
9BFHXUj4RpgNcY3r,0,0,
hutUELR95IlV0v2i,0,0,
ctUe4yWAIlrhO65L,0,0,
svpaOCbPeKwWtxud,0,0,
D5M0H8WsjaVqOKSl,0,0,
aqUdpHDzb3NFy0m9,0,0,
aqUdpHDzb3NFy0m9,0,0,
CvMqpTIEmWroJfd3,0,0,
JXZdzFwTgAECRc2l,1,0,
SQZWNRE3eVJkjPf7,0,0,
2ie4Fb7PBfK8TH5Z,0,0,
2ie4Fb7PBfK8TH5Z,1,0,
ORvSEao5Dd2JLYAl,0,0,
kncumDHfKpPT8bAQ,0,0,
2zF6AfHu5GoP0nSD,0,0,
2zF6AfHu5GoP0nSD,0,0,
2zF6AfHu5GoP0nSD,0,0,
yWkSsMKfi7qExwbR,0,0,
ElJts2TzVubrW8f1,0,0,
3iJr9qLspWNb01ku,0,0,
inNDaCQcu5W0xKSv,0,0,
yuMwv8A4I7NPOcJD,0,0,
jTa6KoI1ymA2HekJ,0,0,
cJYGbOXIMWZxCw5U,0,0,
QcaG9HgAwBmpuiZF,0,0,
2vQZt3cUpPxq1aFb,0,0,
geMLRpxqT4jAJC39,0,0,
kfXRn2sNyMrh8m13,0,0,
kfXRn2sNyMrh8m13,0,0,
TaxO205pDtulHG9i,0,0,
nlGLBRifpHU7KAFy,0,0,
1QDHtwCLTPKxBFyV,0,0,
O107RbQH8FIEdJC3,0,0,
3dOu6RFEPH7UKp5w,0,0,
suwj4c13B68RZ2gF,0,0,
inktdcsu69TOaKQ7,0,0,
u7BZNFiE0cKdojl9,0,0,
kKxJLtQApVnogGl6,0,0,
eRQatbCxdZyqILE3,0,0,
b5aExqZsgelO2fvp,0,0,
MviKfxQgL6NkUGjc,0,0,
ktRpUxV2XhMAsT3m,0,0,
k2yucZ7QgNDK5Xo1,0,0,
6RcohtkEwFMg3Zx5,0,0,
UswApGFgzucCfJ6S,0,0,
UswApGFgzucCfJ6S,0,0,
ayLZMdpuOilGv6qF,0,0,
G6spTavu8XbnNw41,0,0,
G6spTavu8XbnNw41,0,0,
fVaR2Yew87udU31W,0,0,
xtAqpUcvazf6QDko,0,0,
qB7YzNKymM4euFwL,0,0,
yFujWkExlsQTwAYL,0,0,
uj09ckHdrbI2gDXw,0,0,
nCeg1Kv7p0wfGz26,0,0,
ezdC0rVQ9ExoZ7OW,0,0,
iQTYVo8k1nDWMUws,0,0,
Nk2DL9OcyhegrEid,0,0,
Nk2DL9OcyhegrEid,0,0,
0dfh6vX5ZxrRSjqQ,0,0,
0dfh6vX5ZxrRSjqQ,0,0,
PYnqkagN7J9lGbX4,0,0,
ESe8uGVpthw2qvAI,0,0,
m1BoNMzhsLte7EPY,0,0,
HzOjPbDW7snFfC5E,0,0,
bcSrvXnfwh9G1sCt,0,0,
bcSrvXnfwh9G1sCt,0,0,
EpyZeTaIXzUkuoSO,0,0,
FD2kElsTogNZSdrU,0,0,
Fgmsjr4pDh0l85Wc,0,0,
mKeRHCFLgZSha3c4,0,0,
mKeRHCFLgZSha3c4,0,0,
k5yBDivefCIcsEno,0,0,
k5yBDivefCIcsEno,0,0,
Ys5j6pztVPMN9dyr,0,0,
xORtcHMv5gy4UWJB,0,0,
rhD8GPSuysxOlYAa,0,0,
j3ETD8hfvw6pmFot,0,0,
3BKOx5DzMaQsi0RZ,0,0,
3BKOx5DzMaQsi0RZ,0,0,
vyUGsFeo1E3nmliL,0,0,
GFqcbBlxWdEOZ98U,0,0,
GFqcbBlxWdEOZ98U,0,0,
GFqcbBlxWdEOZ98U,0,0,
DtK5aQgf9OUnbHcd,0,0,
DtK5aQgf9OUnbHcd,0,0,
6YOgDZisAcz4B8Kb,0,0,
6YOgDZisAcz4B8Kb,0,0,
6YOgDZisAcz4B8Kb,0,0,
zsxQ34YguLhVKqWj,0,0,
LWm1dies9EY6FAIk,0,0,
cgSKMAwYqW4mj9LU,0,0,
cgSKMAwYqW4mj9LU,0,0,
WJ3Vb5Cr4TEs6MDh,0,0,
fn6JCwyV52ExNoAB,0,0,
vZoQtfNTVcDkr1RY,0,0,
jwxvW0p7E6XL81za,1,0,
7ivMHN4DnQCTzWPa,0,0,
7ivMHN4DnQCTzWPa,0,0,
QPw1FAiOeSdZ9RHB,0,0,
CGBhSb7nQLsJqOv8,0,0,
9F5LEfqRIaBmOok6,1,0,
yKxYB9VuHscOGSAo,0,0,
RfchnPL26rEYqU9d,0,0,
Np8JIeV0kgx6yHjU,0,0,
Np8JIeV0kgx6yHjU,1,0,
Np8JIeV0kgx6yHjU,0,0,
lusRDiW3pwaC1g6G,0,0,
o4BK31rvGf6JuDZO,0,0,
o4BK31rvGf6JuDZO,0,0,
eEzqhWBtb4ZiPjyv,0,0,
eEzqhWBtb4ZiPjyv,-1,0,
eEzqhWBtb4ZiPjyv,0,0,
eEzqhWBtb4ZiPjyv,0,0,
udoS4CNYz95EI3A2,1,0,
udoS4CNYz95EI3A2,0,0,
JhjbDXaK5oAVzUwN,0,0,
hQpxuaeL51if34Ss,0,0,
hQpxuaeL51if34Ss,-1,0,
daBn0zAJuh76YxEf,0,0,
9Cc6IPenXxTmLAa1,0,0,
AHW7mhYxMGg20oPK,0,0,
fCygScVsndP3Zt15,0,0,
cNQ96mvLJTPXU7qw,0,0,
h6bvqfCNMaJ8p0QR,0,0,
8HV3WIDK2JUZSbFC,0,0,
flTo2WjaIkiuDqX8,0,0,
przyuJL82c1GfBAv,0,0,
YsgwXUIHZAQ0upVR,1,0,
gMFNJCpZ5cGwH8Be,0,0,
FS5OiPvMQdKnjEBT,0,0,
SKFUxA7dVENw1ot8,0,0,
YUqfX2IuADLJwv5i,0,0,
Nn7xR5CtmZk3Bfuy,0,0,
6uOk5U3st7ezNhbE,0,0,
OnaeE0m3Ho4hPBG9,0,0,
OnaeE0m3Ho4hPBG9,0,0,
tEwq3kU6yNp4AHMj,0,0,
lgWB1GQPU2LtCbIO,0,0,
k3jfLWGU7ZvHeYgr,0,0,
64RkNdunL9TrUSQy,0,0,
6huJNeXjFqAyTPdQ,0,0,
6huJNeXjFqAyTPdQ,0,0,
u6jDlYH20VN5APBv,0,0,
u7B8htHDOLjzZAaQ,0,0,
RQnhPEt8q0BOlS46,0,0,
RQnhPEt8q0BOlS46,0,0,
Xrxp7HuBg2v4qk9O,0,0,
RhfXjuWbNzQPAmTx,0,0,
AlFy7t9IK3diRgbS,0,0,
WMXYuq5lbzLDwjAg,0,0,
LO1jroyDJsquHRZ2,0,0,
7b0pJw65YcICoUzZ,0,0,
7b0pJw65YcICoUzZ,0,0,
7b0pJw65YcICoUzZ,1,0,
RY2xvl4Mi1Tcabj8,0,0,
fGRenlp71ZDuACEY,0,0,
G0aXfEIqVdRWvF9b,0,0,
iL0eoJjRnWKlU4av,0,0,
fzlgbMthU0dSijaQ,0,0,
Uasb549NBtoYWOhl,0,0,
06vJk25tLPqSAOp1,0,0,
rX2s9SykZHTugQKM,0,0,
1roZPfezp2xJIDGi,0,0,
fhVnqx2uEd0iHgG8,0,0,
ZW4GqhOlFucQopNK,0,0,
WAoE4nJTKuZglvmG,0,0,
k8rL1RFvXEVwINMH,0,0,
k8rL1RFvXEVwINMH,0,0,
bhmRrF9xA5vSXt12,0,0,
jExKsDpTcQUOX1zt,0,0,
9yrUegdiBfSz5LPc,0,0,
uQInq3LADECzT24P,0,0,
JNm6xy8tE0gZivVL,0,0,
JNm6xy8tE0gZivVL,0,0,
BDQtfKrop017dWn9,0,0,
BDQtfKrop017dWn9,0,0,
TC8ux1tecBnbEfW4,0,0,
TC8ux1tecBnbEfW4,0,0,
6RsAS4XJv9zxehOm,1,0,
6RsAS4XJv9zxehOm,1,0,
6RsAS4XJv9zxehOm,1,0,
D5bSu7LOnQ4raJwE,0,0,
D5bSu7LOnQ4raJwE,0,0,
0avxYXt4Ld2TDHVq,0,0,
fE3mb7KTQvc1wFZC,0,0,
fE3mb7KTQvc1wFZC,0,0,
MewSZoag5Q8OxIVn,0,0,
w3smqIt0CP5yJzSQ,0,0,
av18RgOi9q3zLJZB,0,0,
ZMgQETI7HcXaJPnu,0,0,
Rw5786gaXBCzGDNh,0,0,
qcznsyljIK5gW13Z,0,0,
aIKU6pSFbg0jElD4,0,0,
U6Yb7JkXH4ud0prv,0,0,
Ae9Bg7IqKYFuxJaR,0,0,
f8BTX1hPxIEVuAZD,0,0,
PXrktuZ4oGTNdlyQ,0,0,
Sn7ZzRoBaTVw1r2G,0,0,
MzjC01Ov4KgrVnwl,0,0,
ZzE8HB7INmuFSyl2,0,0,
2F5v8I3ZRdiSVOlM,0,0,
2F5v8I3ZRdiSVOlM,0,0,
18cJkHiGPZd5xlvX,0,0,
wKWzETpquPZSohLj,0,0,
UvXfePtpKwkRO1Jh,0,0,
8EP1GuYimLchgF9X,0,0,
vkDGIoJ8TZNdw1B4,0,0,
vkDGIoJ8TZNdw1B4,1,0,
6b1yQrFJhdi2aZso,0,0,
Ba2VwQMKHtrxGzpm,0,0,
km9lwKfsUGpFJnI1,0,0,
kZIm8TSGPKgdCviX,0,0,
3waoGs6DLeRjrxOB,0,0,
bJIzTNc7Moiq8wp0,0,0,
vkOJQm36qETLfI9n,0,0,
riHy5UabPW0fMIAN,0,0,
592wQPGZTWVgIei7,0,0,
9d8lKywa3B0PfLM2,0,0,
Pchj7VARe4gtmiOd,0,0,
xRIfryc1MG3nJOqQ,0,0,
RUEu2BIoVeTsdk1N,0,0,
RUEu2BIoVeTsdk1N,0,0,
uz5LxtaHWjPh2cEi,0,0,
EDo9aShzQUewruOP,0,0,
epNDnEtSY8FlLdqR,0,0,
yhWKJkC6RxTUtnYB,0,0,
RD2Pd4wIn0gGCZHo,0,0,
ByCalFw7j51e8ZTV,0,0,
gto9WmBOENS3cXKs,0,0,
7MN31h526WYAoHwL,0,0,
el5cAQvjZEYiJ1Vb,0,0,
LPRsZi3tWXrguSVb,0,0,
LiayInCbKGNqjezh,0,0,
Xtwd5mShPOoQClkK,0,0,
vcnMRyBl89DjtUXo,0,0,
G06n5apCJTUyW7dh,0,0,
xITUtjneCiDaK4r0,0,0,
nGKN8ZPRX7bd9J0t,0,0,
bkx98mnYLCe3WDzd,0,0,
zqmsg8DSiG2lQLaR,0,0,
ZLeoOxCIiqjdPQSk,0,0,
HNRVAQPSUoX3ybeJ,0,0,
ajkbZcriRmB6otJ9,0,0,
ajkbZcriRmB6otJ9,0,0,
ajkbZcriRmB6otJ9,0,0,
LbDM2NeVnh9GPyUX,0,0,
LbDM2NeVnh9GPyUX,0,0,
LbDM2NeVnh9GPyUX,0,0,
XEg72TBW9zhC8xAr,0,0,
XEg72TBW9zhC8xAr,0,0,
GS7Fc8PWy3bzr94s,0,0,
k24K1ZcWOSYJ07Em,0,0,
0AghVaU3zovyfZK6,0,0,
0AghVaU3zovyfZK6,0,0,
SnmaPubjOcvA9FBh,0,0,
WNyUMEbpTzxGYm9e,0,0,
JQyzMPEWYdbkue8N,0,0,
0zvVXq62e1A9ib4W,0,0,
0zvVXq62e1A9ib4W,0,0,
bknrC4PKsLwvtMVl,0,0,
yt0PCoFNfBsgSQlD,0,0,
UZt5DT9jcW6pJam4,0,0,
UZt5DT9jcW6pJam4,0,0,
UZt5DT9jcW6pJam4,0,0,
TH4XmfEMIBsUPGeq,0,0,
TH4XmfEMIBsUPGeq,0,0,
jNAMbnkW2GQhuedy,0,0,
jNAMbnkW2GQhuedy,0,0,
9bjkmsRP2ZAeE461,0,0,
7vEhqRNMyJf4bk2S,0,0,
e2maqIsDiCNpbUyX,0,0,
e2maqIsDiCNpbUyX,0,0,
xlCcQsGXBZd3hR91,0,0,
EfgDJMeVjAR2Oani,0,0,
oHCUun6B7GvL8WlI,0,0,
oHCUun6B7GvL8WlI,0,0,
F1TNm6zR5YXK48fa,0,0,
Zp5XkQmVtjNS2Yfq,0,0,
pHshzjOT3MQB8ikg,0,0,
lTwuRqjUV0eOyCdc,0,0,
lTwuRqjUV0eOyCdc,0,0,
ZaeYwInl23uJVT4K,0,0,
YQi8OESrgCvjPT5J,0,0,
OvEuatQI8nlf5W4b,0,0,
OvEuatQI8nlf5W4b,0,0,
OvEuatQI8nlf5W4b,0,0,
4Nl2xiHZkwfqG5Lh,0,0,
csV2lerGbWHDM7uC,0,0,
csV2lerGbWHDM7uC,0,0,
7ljw0AnmIsEYyx6b,0,0,
lz8CZIvuepMjyT7A,0,0,
mwgUZtAKuYWskdy0,0,0,
mwgUZtAKuYWskdy0,1,0,
ZFDQvjqLe042yWr8,0,0,
QtyfYMKHjFJhT7qb,0,0,
zu7TV3p9yI01fb2i,0,0,
zu7TV3p9yI01fb2i,0,0,
cqbNCaWf31yOFk2z,0,0,
cqbNCaWf31yOFk2z,0,0,
ZxIysR3VwmEXitzo,0,0,
tPWwM1QZlKn6dSjR,0,0,
tPWwM1QZlKn6dSjR,0,0,
tPWwM1QZlKn6dSjR,0,0,
zGj9cIeZwxhBQR48,0,0,
xyVZbhWBMis964AY,0,0,
LzbmvwkG9uSTDH0j,0,0,
pH9qK1Mxse4GTkQR,0,0,
L1esR8dohQwbTaWD,0,0,
qxB0rLI4NpR6UQO2,0,0,
ntf9greFQdToRAvj,0,0,
KFpnvjzWT02gcIbw,0,0,
O8u9KG1J6jVqRlS0,0,0,
yhwXVqQiSFe0KTGu,0,0,
7W4hb5ep8twNRC2G,0,0,
DvYtjcm4UkObHZRJ,0,0,
5nximF6XTzfJZa4A,0,0,
Wr5lt8Xi0dVavhSe,0,0,
iEXebDTcawoA0BQM,0,0,
KF3paJVsftS0kL9z,0,0,
0Yj4uHZJSBzlD7ix,0,0,
b4AXUmFtI69dREae,0,0,
lSQtCEDvrhdxG5LU,0,0,
kGE5UO3MHwJFQ9Yf,0,0,
fApirRuzwkNdanVH,0,0,
ytglEGzINRCJ0rvL,0,0,
ytglEGzINRCJ0rvL,0,0,
n0zyhMV2qCcRT7sL,0,0,
n0zyhMV2qCcRT7sL,0,0,
bM9TrsOKgASWcePR,0,0,
slUkXtKjbT2gqyZ0,0,0,
slUkXtKjbT2gqyZ0,0,0,
f0y2eka46dZWtm7n,0,0,
JoXVZCrfDIj2YEHn,0,0,
WDOtTbYw01FIpM3G,0,0,
OsYUJZTx4c8SCW3I,0,0,
wFn3N9MApUeOdjHX,0,0,
wFn3N9MApUeOdjHX,0,0,
hbjHsBtwcPqa0CJ3,0,0,
kewO9xHJuqIoA4jF,0,0,
zCIjAPpcefManuRw,0,0,
sm0WEtJfjKlT3Oeo,0,0,
RCTHDFv6aKXA2WjI,0,0,
qju7rk4scUKJ1gzY,0,0,
HB1syAbrheKnUwtC,0,0,
9mNiTQ81e5Yu3k24,0,0,
x82sm1ahFYI6jpqc,0,0,
knmwaYgs7Er53DfI,0,0,
aMFJAWuCiP3dQTOe,0,0,
aMFJAWuCiP3dQTOe,0,0,
LofFZtYiRkwd6bpy,0,0,
uohVA2LclBpk3nxi,0,0,
uohVA2LclBpk3nxi,0,0,
A9KZib8pXfkQVgGW,0,0,
VLHijeQoT7GZF6Yh,0,0,
VLHijeQoT7GZF6Yh,0,0,
sI6Bwh7P3OuHftLr,0,0,
sI6Bwh7P3OuHftLr,0,0,
iCSrZBo2maTWVYqA,0,0,
esqiA6b9u0cJEjS3,0,0,
DWyohezJr0CQONqt,0,0,
DWyohezJr0CQONqt,0,0,
YFsPnXeEVmh3LJRf,0,0,
YFsPnXeEVmh3LJRf,0,0,
rytcHs5GMUWREKfj,0,0,
rytcHs5GMUWREKfj,1,0,
rytcHs5GMUWREKfj,1,0,
Fq1kRMwxEa0rnJyh,0,0,
Fq1kRMwxEa0rnJyh,0,0,
gHiD3zTUrPCd5FWs,0,0,
tusndCeJTcZWXl1M,0,0,
IBwacFpzU3vL15EJ,0,0,
IBwacFpzU3vL15EJ,1,0,
IBwacFpzU3vL15EJ,0,0,
Y2C4dxzm9JLKywXu,0,0,
P4vcBzdLeQJ356nR,0,0,
jHrbay0T5MYIFcfC,0,0,
jHrbay0T5MYIFcfC,0,0,
XJ3komsO4CZ0KFYr,0,0,
XJ3komsO4CZ0KFYr,0,0,
1wqRWndTe3Vh28gZ,0,0,
atvMkpfeVu4Tlgrs,0,0,
q0OhwytNBT3Pe4Rk,0,0,
VoijeQ4huWkB0ZlL,0,0,
WUQ0Mhu19dvPcsnG,0,0,
yn5Yup943KleQIDg,-1,0,
tqJge3EvVFUkxd05,0,0,
tqJge3EvVFUkxd05,0,0,
wcopTmyzvU53ftqe,0,0,
EVMhc9sRnktBZ2I3,0,0,
QWD8lycXxm3SKe4z,0,0,
C3eBiPdDrc7jagOt,0,0,
V35fhcb8qOw4uZBF,0,0,
QhrgY6ZaNL4zjfJB,0,0,
0pJnq2mEzhHZ3Arv,0,0,
BbjC5XQH4gaSZiYe,0,0,
oGzVQxeU1yStugZM,0,0,
jtbe8gZDGCEf9UOW,0,0,
cDQiy0dnrVfx3MWl,0,0,
H0ibSq4ndAzyE1hI,0,0,
scYqrhITWwSnje5t,0,0,
U0yhjQEPS9Im2tBD,0,0,
NlxgP3eYt0nzKB5j,0,0,
zO3ND7P0C16gotiw,0,0,
PTDA2eULVg8NcMZ3,0,0,
UdtE90wj71gQIBuD,0,0,
Ur5LIl1YoBjWQEJg,0,0,
gdibkoSsHMfZcaIm,0,0,
18sbwglESLoPCJ9I,0,0,
npsTlXveJmibUHdj,0,0,
073DfApbZlcJ1tWE,0,0,
7vlHt6GnPFKQCUVI,0,0,
XEvGcYdbnIVTSL2R,0,0,
zuERVI2Cc9FjrKq8,0,0,
Be8g1L57jXQ0PRcn,0,0,
93sWiKgY4UC8jDSk,0,0,
az2weAL6kCjmvVru,0,0,
az2weAL6kCjmvVru,0,0,
yPUh5KZ9vV3lpsGB,0,0,
MGfTopKhv3tr67Ik,0,0,
RuGhicS6dUIXva2E,0,0,
20o1aeNxbApYK5SO,0,0,
g2vFMCd1N4i97KUQ,0,0,
g2vFMCd1N4i97KUQ,0,0,
fYnArPDqmTlIyagt,0,0,
cXWsxD0MTKQwEVpe,0,0,
cXWsxD0MTKQwEVpe,0,0,
1KiNolhdjJ9z37AB,0,0,
1KiNolhdjJ9z37AB,0,0,
TcdzWbYEAqNIiPyp,0,0,
qx2nhsRFDvKHW68z,0,0,
zlEgoQBSR0eHYWjw,-1,0,
ltj3xs5h7oEP2z4A,0,0,
yeBbRYX73hd94WZI,0,0,
nlf4epZz7URcOWjT,0,0,
DnmNzoYrLgcAaS6I,0,0,
qIn7kULExg92VMcK,0,0,
qIn7kULExg92VMcK,0,0,
Hif4ZJjkoRw5b9tE,0,0,
q6E5DiKcn0GBZxoT,0,0,
gzuM7rRSdkc3yoVH,0,0,
Q02UuKePZtja9Rdx,0,0,
3OFdtEnJhzgjDvwG,0,0,
9FVrmxcqvdC4pnzf,0,0,
kXnywtp49dbE2aYM,0,0,
snIOM3ePFcyix9BS,0,0,
JU7rLiNatO89MEwQ,0,0,
ksYlK4CfjXucNvGZ,0,0,
mhdw9QJF0Kfp175H,0,0,
mhdw9QJF0Kfp175H,0,0,
KztJLy2av0RTEioZ,0,0,
uTUzYxd82EJw5bKO,0,0,
1M3ASJzo8XjtKBqE,0,0,
OvSEW15GR9L2TYpC,0,0,
x0pVSuD3Brs4QCkt,0,0,
ieuKRNqP0vEIycaB,0,0,
zF9Mueid3pXalrP7,0,0,
zF9Mueid3pXalrP7,0,0,
WJFMnwQPUj8iLdSN,0,0,
6Tl3EBqAXL0o7sSM,1,0,
8GadRbIzViTqyx4F,0,0,
8GadRbIzViTqyx4F,0,0,
VpLeaYSlRTqyMFgK,0,0,
M4GuJmcIwU1THDed,0,0,
m7FbotzxgiPfsJLS,0,0,
m4idJxSGcC0lhnvR,0,0,
m4idJxSGcC0lhnvR,0,0,
kgEYWcjOxbNoz4S1,1,0,
kgEYWcjOxbNoz4S1,0,0,
5bldocje2YZPXLQI,0,0,
8gpBxQOPj2YEW7CH,1,0,
8gpBxQOPj2YEW7CH,0,0,
8gpBxQOPj2YEW7CH,0,0,
n5aKxi3ZbAlHyNF4,0,0,
LbDhIE2q3Fa4efJX,0,0,
LU9S1nwJeQicBPFH,0,0,
LU9S1nwJeQicBPFH,0,0,
Lg4DuFNV0jPnextY,0,0,
iKM0y9SRhw1raBps,0,0,
iKM0y9SRhw1raBps,0,0,
ugF1Y9NsOJaBbtS7,0,0,
vxohAazq27Uj5Dt8,0,0,
GyS9fbm6AiWaTsXC,0,0,
G2hHFZ50pPMQksXo,0,0,
gOHKCLapJowzu8AR,0,0,
DLJlzgK14pc7GkNq,0,0,
ZeAFK5tdv6V9ORYJ,0,0,
RVGhbxrfQcIwlFdL,0,0,
U79aDc0xoKFMbyhT,0,0,
72XjGlFSt8QbsKHp,1,0,
nWp4U7IiXA6PrQmC,0,0,
OT4cMNr6vXoZKSCn,0,0,
WQ8e0VLzm1Nck3jt,0,0,
5jCfSe8z9wo1sU6i,0,0,
Q8yxEWpPwmJtscbn,0,0,
Q9lsB8x6FvkDroPV,0,0,
Q9lsB8x6FvkDroPV,0,0,
YPyQjeoxu0N5AaqV,0,0,
YPyQjeoxu0N5AaqV,0,0,
ILV2xjt0r9Ty1f76,0,0,
kZxn5LJOHMV3yGet,-1,0,
RwfKrGUZibBAMIgq,0,0,
y3WuIhpVe5qKMsa6,0,0,
y3WuIhpVe5qKMsa6,0,0,
Bq8AxjuoinbzI95L,0,0,
PBzSy05iMmJe9LWj,0,0,
m8MyxACkfqj2lQNF,0,0,
Kx9qJV7Bwcn8DUhp,0,0,
3xW28YUPNywkseaM,0,0,
i5MfVSO48chl0u7N,0,0,
mhJoGpyU2zefLv4x,0,0,
lctobe5GjuBCxy4p,1,0,
ehkY7aj6X89xMyr5,0,0,
BylRVaPbFuH60W8M,0,0,
BylRVaPbFuH60W8M,0,0,
aDVYRH7ef086mjsA,0,0,
8OQC6rfwd4vFhgic,0,0,
7MtT8ZihRLFqO1bw,0,0,
0PLuvKeUR7rkHsot,0,0,
3m21lZW0VHhj8ubL,0,0,
TymcspvV9EQjfSRw,0,0,
oHyUi0BYVrSJ6ILs,-1,0,
iQBEyOb6tc38jhvC,0,0,
yNW7hAIvr2E43fL0,0,0,
1UZSqnC93b8B2gmt,0,0,
g0PoIQprMBdbhHmv,0,0,
VyN6x2SP9EDpfJCz,0,0,
LTxHPB31aI62JOMX,0,0,
UfiAyxpkvQdguWY6,0,0,
CLo6f4RbAyFB3I05,0,0,
Px5CuDqJOfvEswra,0,0,
n7dWQKx5ZtS2NLvu,0,0,
n7dWQKx5ZtS2NLvu,0,0,
0suojbqVSYImN6d8,0,0,
RY9SQqt2147cxZsz,0,0,
gAap9wMyXxSuQc57,0,0,
qNZsXBg68bamyHQ0,0,0,
qNZsXBg68bamyHQ0,1,0,
ngzcR7CiS4Db1axN,0,0,
ngzcR7CiS4Db1axN,0,0,
ngzcR7CiS4Db1axN,0,0,
oGI7QnWD0zJZcBtx,0,0,
oGI7QnWD0zJZcBtx,0,0,
8mYAsyPTbdnLtoEG,0,0,
Elt20YcRZz5FhuWo,0,0,
w9d56j8OgnCKvPcL,0,0,
G8hZaqu15NQ2zsJn,0,0,
CY8f92BOTH3t5lW6,0,0,
CXLI764WJbzQhcSZ,0,0,
enEtRf5B8Ij92uz4,0,0,
fAhkYX2HCdLWejRb,0,0,
zGhESjKu9sRvXqo3,0,0,
4oFy08L1DuhbO2dp,0,0,
4oFy08L1DuhbO2dp,0,0,
sACTVgxNDPSJwRtj,0,0,
KMZARaNglYCsJ0jo,0,0,
DBYMylWrtnzuojCP,0,0,
O80sCRxGwAri2uNI,0,0,
rQyPXo39gUnVRIvL,0,0,
mkCj5cg1rTxzE7Kv,0,0,
mkCj5cg1rTxzE7Kv,0,0,
yvrIFQCnOUq03lD4,0,0,
pL21kTtr8gRxhfWy,0,0,
pL21kTtr8gRxhfWy,0,0,
pL21kTtr8gRxhfWy,0,0,
mJjQ4GHoElIXfqAU,0,0,
gS8mMHCB5P1LkEKu,0,0,
h8Lau6KWxfmIOPj7,0,0,
6V5S9TmChcoGRbYg,0,0,
CWdGUzmhA9Y35wPj,0,0,
YtMgvoicjZsrW1Qh,0,0,
l6kZj5wsr8R4AKUv,0,0,
4grifhEPpnxc0WS3,0,0,
TmBDYCLkqhX68ysv,0,0,
lQEBMIFYh3W2ZRda,0,0,
u32zFWTmvhSBALfV,0,0,
eBAOK0iL9kRTu3X7,0,0,
wEgZ92N4b6AMOkxS,0,0,
0Flnd8hRq7C9kLGP,0,0,
Pm5tHqoJKC2zvsD1,0,0,
BnVNYmgcslkfGDSe,0,0,
eaUX9AmLpQBGMIdT,0,0,
HoA7taEmxsXCILlB,0,0,
iKvqEVW2zx6cfMPA,0,0,
Njqb59iEroQOJ0CX,0,0,
aGZolLsBfVYvHJq6,0,0,
dbX9HnOZxTk8acjN,0,0,
Smr5TJxypWblH4Uo,0,0,
AxXtv6CNauVQ2EYS,0,0,
saFThguOB6fZHbAw,0,0,
puBeAcLKxDWRJgCH,-1,0,
ZWw8NQeKMT3fXbJR,0,0,
0lIuJGehVMFN3YQR,0,0,
0lIuJGehVMFN3YQR,0,0,
Y5Piob0TJNsqxyIO,0,0,
HMb4EDrQAZgJy5RW,0,0,
JYBR31ezsQObFVa0,0,0,
2HM9K0C3dWPmAXjk,0,0,
4mupsO9QdHIjAZCx,0,0,
9SHwLQYjuI5dRtvN,0,0,
kRxYP9qzbWef47mc,0,0,
DkSA0nRvwyxrmJzo,0,0,
K7iEzF8jtpLvc5qH,0,0,
DYxPBjZendkSpM3b,0,0,
PZaUybTwCt4jqsnv,0,0,
BPnjDGbgATUfy6H3,0,0,
PSY0qdpjryGK9FNm,0,0,
DFpjJkdehuvLStTE,0,0,
kz6lDqx7PQcRBoVv,0,0,
vgAGd6BS4pHa29Rt,0,0,
nMXptb4eFWO0HJGg,0,0,
EctJhFjIHKv871dr,0,0,
KzOcf2gUuVm4oIyh,0,0,
6pu0SFqDrhfeTEUY,0,0,
oak4npPgcZBGdeE1,0,0,
UhAyZtKqOQDXFip9,0,0,
U8VCky2zHw9neYr3,0,0,
6yGYa4nW5zcSeARP,0,0,
6yGYa4nW5zcSeARP,0,0,
n0iGFeumh7wbZfc5,0,0,
gcvFNLBunQA1rDq6,0,0,
CS8uaGHjZex7nqLv,0,0,
s724WXNFcAuDngeJ,0,0,
h3NL9F6Y8Je1PCE4,0,0,
ogGOmYu1jtDZQ9aE,0,0,
JO8tRVkUlmq7MnP0,0,0,
3AJkt7mQYBeqS8nf,0,0,
xF860eoBE9tMkgcD,0,0,
d12qenNXRh4oEWkM,0,0,
TU8qXLNScFeEGJop,0,0,
TU8qXLNScFeEGJop,0,0,
MLdqs6WeHn2BQNS1,0,0,
Lp10l8mH6BTKExyP,0,0,
EhvqxVprbJ0KWk3U,0,0,
91Jqs0gUj6cG5h3V,0,0,
Q0Eh6Pc19WxsfYIz,0,0,
AsB7ojNxuFhLXyW9,0,0,
pT16YmJPVbAU4kQM,0,0,
o81JW3GwXYbiFfqy,0,0,
0BvCpAUIK2TVrbl8,0,0,
1LDt9yAJwhUZK405,0,0,
W3p7COTRkSzjK56I,0,0,
9vnib5NlZmXjGRsw,0,0,
3k8eQMZPvtwiIFHx,0,0,
bSJW1EvDTLnhU0qO,0,0,
bSJW1EvDTLnhU0qO,0,0,
Cj8LbX4Gs1icVz9P,0,0,
xpwuMGFyiq06ldaO,0,0,
WOKSEYap1DMc5iPt,0,0,
sR5IdcrS47ACxgkf,0,0,
GO8AHDxYM6FyC2KR,0,0,
fvme2FaMH4K1AIWG,0,0,
cC7ZJ9QgyFRduO4w,0,0,
PfT21Y8IqGeOik6M,0,0,
qYK5ZvFwyMj9HbxQ,0,0,
i60D1tkneHlwOWK4,0,0,
uRJFKHw50MWCgQEj,0,0,
8RjxP2OmA6FzaNfv,0,0,
4T3COzh0KP98wnWv,0,0,
4T3COzh0KP98wnWv,0,0,
BS6GJonqAjs3i5dD,0,0,
3ufdvW9n6LpxtUmo,0,0,
WzG1hoF0sn4YmMNd,0,0,
WzG1hoF0sn4YmMNd,0,0,
Syba49BXGKAj5E2J,0,0,
Syba49BXGKAj5E2J,0,0,
Syba49BXGKAj5E2J,0,0,
Syba49BXGKAj5E2J,0,0,
XQLp1W6PUGiSueDC,0,0,
4fi6wDdFSEjBIWQ8,0,0,
w2djv1uBiVHhNIAQ,0,0,
pz8P7vGWgAeoUbrc,0,0,
pz8P7vGWgAeoUbrc,1,0,
n9dFxNf8SVY6wIb7,0,0,
TEJua7ojl5kVQ4px,0,0,
cxdNAbiwF7ar901z,0,0,
t7mqEcPgjBi3yMXG,0,0,
opQNKOJUsPm8fhqF,0,0,
opQNKOJUsPm8fhqF,0,0,
PqnhGulHWtDrbRFU,1,0,
PqnhGulHWtDrbRFU,0,0,
QXv8qNuizGcjtOae,0,0,
AEJ4Rzqk8PL5bFfg,0,0,
v2oQzqurO6aEdAsh,0,0,
v2oQzqurO6aEdAsh,0,0,
ibSO4ogXnq0d7Tfw,0,0,
ibSO4ogXnq0d7Tfw,0,0,
pDnAP3eMVs1j47Cb,0,0,
pDnAP3eMVs1j47Cb,0,0,
5hlv1GcgFWRDLi8u,0,0,
Z7ovg4rQWNT5czpl,0,0,
btQj9E65G4gSrx3m,0,0,
jaFxOp42fse6RdLK,0,0,
jaFxOp42fse6RdLK,0,0,
KgNLqSsR5rW4az0P,0,0,
H9Eqg04t2xn6CkJT,0,0,
H9Eqg04t2xn6CkJT,1,0,
H8eBXno1LjfbMyPW,0,0,
FsEWPD6SoKM3rN48,0,0,
FsEWPD6SoKM3rN48,0,0,
AlF5rQZI2mgRdhGi,0,0,
AlF5rQZI2mgRdhGi,0,0,
H5oIvqrNuGT6gbR9,0,0,
p2zCmiu4jIScUXew,1,0,
p2zCmiu4jIScUXew,1,0,
onsZ8B5X4uVcaU0I,0,0,
onsZ8B5X4uVcaU0I,0,0,
93pxjCQnsPHiXTml,0,0,
NM3TLgmaheIbqz4W,0,0,
eRQXz59hG70FxqEJ,0,0,
cwGbU5WZlaE4mFzC,0,0,
jSERDcwzuegam0Gi,0,0,
RL8iomre3TPFyBqa,0,0,
khWTLVBRobvUn3Ga,0,0,
S0D8e9tuBdQpaWFM,0,0,
70s9f5wBXxQyvIeJ,0,0,
nhK3bVtY2XqfoFvu,0,0,
N6SOwHa5DWnUL4YV,0,0,
N6SOwHa5DWnUL4YV,0,0,
iSkQ6VBe41l9s3HJ,0,0,
iSkQ6VBe41l9s3HJ,0,0,
vEjHlxB509aiUh1L,0,0,
JzQNiRH9sdM70n6F,0,0,
p5diMJHQ2AchUxVF,0,0,
Gczub7DEkxp4VRhN,0,0,
Ziu2rQTNe3YUJD6v,0,0,
LN1rgVTHliQMzw4S,0,0,
jZTniaUmkgNuroEL,0,0,
jZTniaUmkgNuroEL,0,0,
jZTniaUmkgNuroEL,0,0,
jZTniaUmkgNuroEL,0,0,
WlpdjUxNifwH39Qv,0,0,
UMN9f4gjq5VCme6B,0,0,
M9maZYhelO08UcP7,0,0,
M9maZYhelO08UcP7,0,0,
mv45lRIHiagoZPuz,0,0,
50URtN4rqHjKGT7p,0,0,
td0peuT5361WJCy7,0,0,
ifU6TJRIqQ83MBm1,0,0,
1hTnwObE6Pv4ilI2,0,0,
sWdoqgak2prV5Xfj,0,0,
sTEj9duGX2zAqIr8,0,0,
sTEj9duGX2zAqIr8,0,0,
sTEj9duGX2zAqIr8,0,0,
k3dnRXbhuqiMje8D,0,0,
OiM0P8nZ6Hk7ECLR,0,0,
OiM0P8nZ6Hk7ECLR,0,0,
5r40CE1jGfLliA7k,0,0,
nbtiQjg5371Df8Fe,0,0,
RAhPKc3w7zYvTkoD,0,0,
zxho9ZN1fG736tIX,0,0,
zxho9ZN1fG736tIX,0,0,
sY8baihTfECGcK4q,0,0,
sY8baihTfECGcK4q,0,0,
puszkRaoPD9hf7g2,0,0,
PQRy47eBIkvXzLmH,0,0,
KPlyLQFwz5RshMjf,0,0,
lDMaYEJdVBKTu2zy,0,0,
TSU6zwZnRQ4cuqLB,0,0,
9TWx532X4h7wjiDy,0,0,
6jm8uWBCpZwo5RFI,0,0,
6jm8uWBCpZwo5RFI,0,0,
4tWrTOAjecVDyFYl,0,0,
4tWrTOAjecVDyFYl,0,0,
XK9dD5vynI4oGskJ,0,0,
qscgnZPK4FGwLV38,0,0,
tgmdp7VPTv2qicoK,0,0,
DoV8dMqFstKXEUwh,0,0,
GTx9wel45ru2LZoS,0,0,
uAzN7fjJWyQq6KXD,0,0,
2ZCfsbon6041kpPF,0,0,
HgApRX8nqjJlEO0K,0,0,
H83bKrlde7D2pNLF,0,0,
k5A2oECXbvlxpWF1,0,0,
EsFeCWZ4pAYLjkOD,0,0,
mUHbaghwpnzBtME9,0,0,
8SjFg2purME4Jx0A,0,0,
e0kYOc5iPx9mR3jv,0,0,
HALEWZPmhvTzKjr8,0,0,
HALEWZPmhvTzKjr8,0,0,
2Hp9McN70xnzy8qJ,0,0,
mWbG5Zc1zwy6KtjV,0,0,
AEYbGMtnhrJ76sUd,0,0,
AEYbGMtnhrJ76sUd,0,0,
AEYbGMtnhrJ76sUd,0,0,
T4Y9Apfq2BesIGlc,0,0,
1hM4eqwczXF6buG2,0,0,
wtoBu6QpKzlO8maL,0,0,
GRXzZQMwAeJu7COd,0,0,
bKsdJG5Bu4QFfAEL,0,0,
TIMa6yKYE8fePg17,0,0,
UIC3PqTcutWdFNVQ,0,0,
39GHL0vs8hg2bpl1,0,0,
Jmb32XBrZgTNhi60,0,0,
Jmb32XBrZgTNhi60,0,0,
es0ZgKMEINc3vajU,0,0,
wrLa3dy1MTJAUbIj,0,0,
jGglFPieTJX97Uxb,0,0,
k8G4vxE5maWVOiMB,0,0,
XdMQbHDq7Vs3n0IG,0,0,
QZHrOlg7P4Xdy2Y3,0,0,
u0K4toPXbnlJTcmL,0,0,
uzfj7oHsXO2nmUxC,0,0,
JOBqrRszQ5LFT72X,0,0,
pURWwJXEY9boHvLq,0,0,
pURWwJXEY9boHvLq,0,0,
jyTlYHMnAKc4EROF,0,0,
jyTlYHMnAKc4EROF,0,0,
HRLxcVG8YaWArDqd,0,0,
rCUqz3A0k5PK8bEV,0,0,
beH79mYF60rqQwKW,0,0,
ay6bwYNud4KBVJXg,0,0,
amIEoWFrYfbsRyOq,0,0,
CKWDlRyrYdQq2iBH,0,0,
YxvTf4hr1odFwyM7,0,0,
YxvTf4hr1odFwyM7,0,0,
VYRCeOz63ky4UhFP,0,0,
5gRpXMthv6sO9lme,0,0,
mCcU9XgIHYWsL4qJ,0,0,
xZvGCk0LXS2ITgHe,0,0,
G3gFzhjsWm8xqHTV,0,0,
G3gFzhjsWm8xqHTV,0,0,
G3gFzhjsWm8xqHTV,0,0,
SoiD43pfynQPmJ7V,0,0,
2b6R1V7kQS8UMxY3,0,0,
EnKrOoixv9Bq0b5Y,0,0,
V52Ubc3yioDXqkQ9,0,0,
DhQW8jsTpyqw06o5,0,0,
krc0zWjpYaKuOIUT,0,0,
WMfT8mP6bRpHnhqr,1,0,
TlQ3NGwt1ZzSO9B7,0,0,
CFpJR65ev0MizD8X,0,0,
EVG6bXaQxSCN1Ake,0,0,
EVG6bXaQxSCN1Ake,0,0,
ZYL14a2ypDcoB8T5,0,0,
NO8VzjCTMpQ3Hcul,-1,0,
VL6jHoQ8ZpyIP0tn,0,0,
cCgJT7PV3mbx21h9,0,0,
cCgJT7PV3mbx21h9,0,0,
V9JNZ0vxUCWDsfrY,0,0,
sNtAReLBfbXuTcyH,0,0,
FRkSi7Mad9B4He35,0,0,
FRkSi7Mad9B4He35,0,0,
SuaPyk6KrBWiLl8I,0,0,
3IULXkViPBDKYjvw,0,0,
3IULXkViPBDKYjvw,0,0,
MDFGsd5R09vbPLht,0,0,
bMUeh2VjrukxmNAD,0,0,
24imyrkH9Bcu067W,0,0,
QeLJ6w9EB78bulcj,0,0,
8g9n4vVqZQ6JSP5x,0,0,
jF2o1uBciOaKARx6,0,0,
jF2o1uBciOaKARx6,0,0,
dL1EZgfl4RjkeKUh,0,0,
dL1EZgfl4RjkeKUh,0,0,
2VWOd6lnSviTrQY0,0,0,
2VWOd6lnSviTrQY0,0,0,
l78SQPcmBT9DtqNj,0,0,
YGIRkO0Zh4NtVnmF,0,0,
V1NSF709AmjTRPhe,0,0,
yBOG7JzfwRZxHVUo,0,0,
yBOG7JzfwRZxHVUo,0,0,
1VkicdAOjC6rPqXW,0,0,
zJjMAVQLrfeUms3Y,0,0,
3hctzfuMi9F0r17m,0,0,
A34yvHZGOCmtczpf,0,0,
CkjQS5YZNHvFAXzt,0,0,
5hscw7oaqFm3iCBx,0,0,
SUV7QinvDBPmL5OC,0,0,
pGEBk04J1dcLUThW,0,0,
NvOgzwa9XLkhEZfj,0,0,
NvOgzwa9XLkhEZfj,0,0,
v01eRdCPMnOKw8ty,0,0,
kO0yL4m76xbZ8IUE,0,0,
VjDzCfoU89EvMbdR,1,0,
VjDzCfoU89EvMbdR,1,0,
tyDsn2CHM0WJzwpX,0,0,
64eN5ZExUkXqpPa3,0,0,
64eN5ZExUkXqpPa3,0,0,
6e2J5pdRaqDWvSgE,0,0,
wHYay9uoQIO25Rht,0,0,
uGTir0Q8SBej1wAN,0,0,
xGaLW1hdRjQFKXcN,0,0,
JEpFPS0tBo5O8hxu,0,0,
JEpFPS0tBo5O8hxu,0,0,
AGjnT4Dd8bOokZz2,0,0,
AGjnT4Dd8bOokZz2,1,0,
AGjnT4Dd8bOokZz2,1,0,
dXbirf1CuyFszlKO,0,0,
nBZzr916y0SKtCPe,0,0,
nBZzr916y0SKtCPe,0,0,
SnXce3GqCQd6tfFb,0,0,
wWxseS1cGTg2DhHK,0,0,
wWxseS1cGTg2DhHK,0,0,
reyUlXwx6YZHf2Nc,0,0,
reyUlXwx6YZHf2Nc,0,0,
um2A5EVOerPf1ZKS,0,0,
um2A5EVOerPf1ZKS,0,0,
um2A5EVOerPf1ZKS,0,0,
Aa73jxLqprzgl5VT,0,0,
Aa73jxLqprzgl5VT,0,0,
Aa73jxLqprzgl5VT,0,0,
7KRGZL60qn39dMXN,0,0,
Jy2MjFViEeBdm4St,0,0,
QY9l3vw28UtiBCs1,0,0,
ho6QNZl0uXev3C9q,0,0,
0ZcJSahWkL3TmIzN,0,0,
CM0TrDvozKejJ19X,0,0,
hTSecn4GNgLbAKHM,0,0,
3IxjdMX1y4NOf6Dn,0,0,
L4xNKFochkw71QBZ,0,0,
fkqNdWp61ien39JX,0,0,
7Gb4jFNMRYgvLlDu,0,0,
0HR9mNhn3dzgXr1F,0,0,
3oqNdjLtr6HBxkKD,1,0,
uUpHiy5kTCXr76fq,0,0,
sDLvXxwqMJf5jgTc,0,0,
lhu7cmGoMekHqBaz,0,0,
uWgbGATV0jOoarDw,0,0,
rf7MZgcWesEv6SuX,0,0,
jEpFZwbyDHo9tXkn,0,0,
jEpFZwbyDHo9tXkn,0,0,
Y4E9pN1kznPewcUO,0,0,
H7l3YEvyKQaIh6r8,1,0,
H7l3YEvyKQaIh6r8,1,0,
389Drm5jzBFvIZ2i,0,0,
389Drm5jzBFvIZ2i,0,0,
JOnA6lRuWev9gcUC,0,0,
JK1uU6QgvX7FPmeC,0,0,
bagL1329tZij0Pme,0,0,
bXUKus15n8SeEHRt,0,0,
EFY6DBolxfH7Cj2b,0,0,
FGRbjwZTUlkg86pQ,0,0,
jlxnYgNMRSEbQ47I,0,0,
Pzcjy48JxafdKIAV,0,0,
hxR9gUEeVuBHcPTk,0,0,
rN1gsRZq98mTL2ow,0,0,
rN1gsRZq98mTL2ow,0,0,
6vnwrqt9EU048AJD,0,0,
YiOzfUcV1sy6KxIE,0,0,
bkn08zQsyqtxGpL4,0,0,
Qw3Icen09U2i4ahS,0,0,
X6sGr4hBNU8awZ0H,0,0,
ZUCOEHAd1ga7LFxk,0,0,
ywJhqCI501xpn8Tu,0,0,
ywJhqCI501xpn8Tu,0,0,
yoH41Gi9Y7RXmJwK,0,0,
yoH41Gi9Y7RXmJwK,0,0,
QptxJrH7qsfiEodS,0,0,
rGgeAiF6dkhOynmp,0,0,
USo8k1D2Zwh56vVB,0,0,
Ec0zbuRis9NHpyIQ,0,0,
ICnk96qfHQtTULAc,0,0,
Ps6hZcIAX1fFYlCv,0,0,
zyCSDkJLrhWE8KXR,0,0,
UyhqNBf53jE89orR,0,0,
tvTr6MNcyhmkuRAX,0,0,
mCtk2EcWaBZRTzG4,0,0,
oQ49SFW7I0LybuqU,0,0,
O732ncCsp8Rr69oF,0,0,
fxyncAKhsDum2Oob,0,0,
gWMql7QIZcVFX6y0,0,0,
gWMql7QIZcVFX6y0,0,0,
gWMql7QIZcVFX6y0,0,0,
jWgdAn4QIHRk2uUs,0,0,
AB4sGnS3vVEq8Dxb,0,0,
6wxXOpZHJ9CNtdeT,0,0,
fMt9sXq4pGHT81CS,0,0,
cdqKw9jfWgvQ8NEm,0,0,
Pm0r2h5HI76nXvos,0,0,
YLIEz3wdkUNMa0HJ,0,0,
3bhVfsTD75wFKXCn,0,0,
raYDzok54yMZCOSW,0,0,
cL9T6irqHNDsZfPe,0,0,
qfdGDCZ3PeKxNwpn,0,0,
p4kMIBeaTxqrHFCS,0,0,
X8wU7Mr5kBcSDxJh,0,0,
AohYceIpjN7wJ2zg,0,0,
78vjfAny6s9aIKmO,0,0,
78vjfAny6s9aIKmO,0,0,
O6ECF9ct4iuMlDJ2,0,0,
1HKS4tw3Z7r5Mjbd,0,0,
bqlw4Hz1UL05MRC7,0,0,
lu5Ji2sjwNgHOBcV,0,0,
5kwbXrfVS62FnKDh,0,0,
EtMWgPap8VOK0ydJ,0,0,
EtMWgPap8VOK0ydJ,0,0,
sghfQnLUcSOu4DFJ,0,0,
yLlrQXn5hta4bG76,0,0,
LFeDWjKa7HBM4sS2,0,0,
atzMAVxk9SmRh1N0,0,0,
dRpfDLrSM0sYWvIB,0,0,
NbFEO2GfgL1dJcQM,0,0,
e0v8JDt3jqNnIVUK,0,0,
ioUIrmX7F4V9bClB,0,0,
ioUIrmX7F4V9bClB,0,0,
jaOzYwbXlD4sMEfe,0,0,
WPIkOoDsAQl7hiTN,0,0,
WPIkOoDsAQl7hiTN,0,0,
VhlJyLza5ERfxDnZ,1,0,
VhlJyLza5ERfxDnZ,1,0,
52jEpMRoDNvPHwSb,0,0,
goW6bEX5lPTeBjRt,0,0,
dBKTF3eiMoyUELhb,0,0,
dMtgGohl5s3VZHqC,0,0,
pL13OljJzXMRiGmZ,0,0,
1KRVcuea2SYEsynd,0,0,
AcT47a1YvjXbyodn,0,0,
01kgxZUTtfODp2hr,1,0,
PxLWHR4po8D1T6A3,0,0,
237pFikwragGBfnt,0,0,
Gjc1XHOVlKFe6ItU,0,0,
atLdKR0lSyEH9sMg,0,0,
Lw9O210Qyh5Uut73,0,0,
Lw9O210Qyh5Uut73,0,0,
Lw9O210Qyh5Uut73,0,0,
8NnaMkJhHyALDcPZ,0,0,
ODvT15rVzUQGtxWS,0,0,
szJOWrFC4H97uDUo,0,0,
gzGyHmUJQuaEfNhM,1,0,
SVaOfb1hoyPzv7Lq,0,0,
8Y35jtbpHAeThg70,0,0,
KfFAPD6TohrVGUSs,0,0,
rQWPNRL1mwxsF7li,0,0,
wnyujq8gV62lDU5Z,0,0,
wnyujq8gV62lDU5Z,0,0,
AHrjUh6xkJ7dRcLW,0,0,
AHrjUh6xkJ7dRcLW,0,0,
Oa4sklUTNDmcpbQw,0,0,
Oa4sklUTNDmcpbQw,0,0,
uPwVh0CZYoTeGnbD,0,0,
sP2Ax8OS9bgIafqE,0,0,
sP2Ax8OS9bgIafqE,0,0,
sP2Ax8OS9bgIafqE,0,0,
Oey5EIJUc4PQa36m,0,0,
eTKhpqbosaRn5jLZ,0,0,
R52zpKF3CkvcYhL8,0,0,
eNou2KY4lv1CBD8n,0,0,
4Nx9kchmQwlHE3YI,0,0,
K3Aby8kS6urpQRYa,0,0,
jRIDftoT6FSWVA4Z,0,0,
TFtAxJUkB9RpYbaZ,0,0,
QKtFkz9vn68ErxUm,0,0,
Gbc8jJ3iENw7kISz,0,0,
UXA1P7V5bJhiG9tx,0,0,
UXA1P7V5bJhiG9tx,0,0,
LoZ6kfgdemxuANYI,0,0,
ODQsAT5ieyg9JNSG,0,0,
UJ0uFwKlp9qf8zW6,0,0,
cydDMeo04TnBG92s,0,0,
BaEdk14fSL96ZTtN,0,0,
FfcOkjr9XwMlZvIW,0,0,
6Zw3Q5dDmTPYzrp0,0,0,
VZsxWz1fbk6DLFXO,0,0,
xwpBL2Rf89F6qO0u,0,0,
bMpL97f6tirSwcxO,1,0,
r0XIUAqlz9aQcvYB,0,0,
Cy0ZOxkKhMoETNqS,0,0,
TROFwzH24CuexUZd,0,0,
Pm7De1R2OuIa0AGB,0,0,
6p1Gd4CbI5MALmxq,0,0,
xr9naXZ6QuegToj1,0,0,
1SK5FhgGrNiCPsYV,0,0,
voGhsAS2uf8jCpWw,0,0,
OeLFcmtvT4GaQYZV,0,0,
LaYhq2ci6EbpOzXd,0,0,
q0bRKPpSCtEGhmga,0,0,
3HdWEaZ04DPAhLfk,0,0,
zf81NdHe4J0GWY95,0,0,
6TLua3NxbHo5Rsj7,0,0,
pjynGY1xS8M6JhdQ,0,0,
f7uH1xAdhCX93L62,0,0,
wU1ipRTWtdl8bhYn,0,0,
9KQ7RiT8vdOeroHb,0,0,
KBDSkAULJQ6v4WVT,0,0,
KBDSkAULJQ6v4WVT,0,0,
8E6B9V4pZ5jtXInA,0,0,
2Mg3CxG1vhfWHAVk,0,0,
Xt6faCsrjGKRExku,0,0,
Ff5Bh7nHMvISAoqg,0,0,
hFuqAespIJt0MKfP,0,0,
shaB5qOUiVct1Jxf,0,0,
cduP0IO6QzeqXbg7,0,0,
TNP8GkgvxcYJ51dS,0,0,
s1bqrGugAkB06xZj,0,0,
s1bqrGugAkB06xZj,0,0,
WUMfjXzKCtP4F3qg,0,0,
9trKxFco3S5iBeka,0,0,
IPMSkDGKeciJZmTf,0,0,
dHTaEWKxyYoBc5sU,0,0,
dHTaEWKxyYoBc5sU,0,0,
dHTaEWKxyYoBc5sU,0,0,
AMlzYOEDGNWr4tUI,0,0,
pQLoOrdDjFENC5IP,0,0,
1rnyWNaQlKjGgpHs,0,0,
Jy1LwbjqZgxI7AvY,0,0,
lcHAXhtYT96diyCg,0,0,
3Td6ia7n5BNLqjxh,0,0,
8T4wfUGLgxm20WZp,0,0,
6Zf9kPLzJDMnxaA1,0,0,
3NQxUShkd8iuRemf,0,0,
amI52NUMlDGfjZse,0,0,
5lWHK0DEnU7g8S1C,0,0,
3ePOA5JHayrbDik8,0,0,
1UFKiJnMPgWyGpHc,0,0,
fV6y2A1na5iSImbp,0,0,
cjeL2RdTgBrzXisv,0,0,
4C1iftvQzxIA29g6,0,0,
D8PrMauq3jmVIpO0,0,0,
yv10mXsOb8okPVHz,0,0,
4ft3dcD51ujCWYrR,0,0,
u0PmnoGdzNIRy4Q7,0,0,
GRlhBtC0dvqozcDr,0,0,
1IS5ErKoGiW4Jjls,0,0,
2xquOsEThjWnBbNR,0,0,
yT5KQ81OwgWksu9o,0,0,
GjcNvgzmyAlk0CtU,0,0,
enGqUjh94tM7gNRY,0,0,
l70jQ4sAmbVhSCE6,-1,0,
nrV4zqh6A83S7IaL,0,0,
S5LM9Xt78HWUwjvz,0,0,
qE5DawnupNgsJvHh,0,0,
Qe4htWX3MpbTo59f,0,0,
J5DLaj2MlofUKtkT,0,0,
Gx5zIE8tOnUfiCYy,0,0,
THFr9R5wPhEgeLus,0,0,
7PYVKRsj3Ftm0Wop,0,0,
ZwWhIekUOgL2TaVf,0,0,
lwz4A0aUcGDJVOxX,0,0,
B7zneJI3pla8kQGD,0,0,
Vhk03O6jgnm4v78M,0,0,
Vhk03O6jgnm4v78M,0,0,
fjNK5psFJVzrPbgE,0,0,
fjNK5psFJVzrPbgE,0,0,
ZGnLHOQMUmTYfusI,0,0,
2hqQiRpTBVmNdtEo,0,0,
j7v1Qtbl8G32gNZn,0,0,
OUIc9F38ut6MoGex,0,0,
SZDd2UfnJ8lOxLTF,0,0,
eC5MH8XYjSpUITo9,0,0,
1NxrRQWBTJFw7A2d,0,0,
h1rBlfXKxHVO0Nzu,0,0,
LI0lSFPZDOzrqnyj,0,0,
XGRehAmp9QSzZCNL,0,0,
54BO8AXVfUluaEn6,0,0,
HZ1BLnSGKDtxcRP9,0,0,
HZ1BLnSGKDtxcRP9,0,0,
HZ1BLnSGKDtxcRP9,0,0,
LdQKwOs6hTbY9gfM,0,0,
LdQKwOs6hTbY9gfM,0,0,
MxZWDrcfogmARhjL,0,0,
YNVm4FeIfWKG3rds,0,0,
vcEKDR05dHhqlFBI,0,0,
oi3egvK85kdCLym4,0,0,
n8gkp6OeAKf4zrwR,0,0,
bx87EnuPHgq0Vy6e,0,0,
3WVqgl5iaRbOdHe2,0,0,
3WVqgl5iaRbOdHe2,0,0,
3WVqgl5iaRbOdHe2,0,0,
Yg1qG7649sKiVh0T,0,0,
OMS3NeFwL8JB6onb,0,0,
Q0fVx2qNWLe916Pz,0,0,
sqNWBIYSTVR0zob9,0,0,
dHbmaZcxAgpnwETN,0,0,
WanjgfvIscPoUqGY,0,0,
HpW5LyeUK6rNX4g7,0,0,
7QOtG1MD6z0skcNb,0,0,
fSR1A9e6jH3UMFI8,0,0,
fSR1A9e6jH3UMFI8,0,0,
7A2ze9YabMCc5svr,0,0,
pLSxhPtQ4OmTDg95,0,0,
nNpYZdeQERiutcD6,0,0,
nNpYZdeQERiutcD6,0,0,
nNpYZdeQERiutcD6,0,0,
3MjvJUXBzegF45KT,0,0,
875xyDbzPHFleEBQ,1,0,
wm62yPbD8engtuGI,0,0,
AF0Izd3Ecfgkujy9,0,0,
94epsj1buvW2lBIf,0,0,
IcgXbKotPaAMZ2Ck,0,0,
c95QCaf3XKtn04VE,0,0,
OLTDzsIkWUeYKHX3,0,0,
C98YtdkE4OLTDgea,0,0,
2gO7dWM6rD9SHvEY,0,0,
2gO7dWM6rD9SHvEY,0,0,
caVRpZDW6Qdr2gk5,0,0,
ByeJn8m2blqVKiD6,0,0,
ZRSP1JekE783vNiw,0,0,
OU0Ha56DoCJiqEjs,0,0,
dM3i6seOI4ckbZtg,0,0,
I27CTamYDZ5oyX9B,0,0,
I27CTamYDZ5oyX9B,0,0,
jzTRF17bABPMOXZp,0,0,
sLJc1tXdGQUeVhEf,0,0,
sLJc1tXdGQUeVhEf,0,0,
wxzmSrR20gA5kdQa,0,0,
P3DW07uNKaj8sCRr,0,0,
P3DW07uNKaj8sCRr,0,0,
PykO9QsJFYtmMGvU,0,0,
uDpUIL5BkgFoGZQE,0,0,
vlCphH36ucoXYAqw,0,0,
yoUEBOQszJW0KA5G,0,0,
bTs4yzovnrFhX1NV,0,0,
wnWRdqCphJz6P7U2,0,0,
Z8IsoVLB3CEetMUF,0,0,
RpeP4w7J8AOxdzIi,0,0,
Cme1yAS3oLdfiRBK,0,0,
q4webEMXRSyDN5Qf,0,0,
HM38kdhUSjEPwp0u,0,0,
hNiGFEPdTZJoKOqf,0,0,
hNiGFEPdTZJoKOqf,0,0,
aHU0O9YCLly8cPvR,0,0,
ueY7R2gFVMB9bWvL,1,0,
ueY7R2gFVMB9bWvL,0,0,
mreCtuKXFwYsi0z6,0,0,
n2TZNWRdfSCilqLh,1,0,
KTdD7U8JiFE26GLb,0,0,
qBLiW1NTHk9KguQF,0,0,
qBLiW1NTHk9KguQF,0,0,
t13HaBqTUZF7Yeju,0,0,
atYuVC4do9Z3EQ2X,0,0,
MFa29rps6jzg0IbC,0,0,
Qgls9k6yBHWYoPxR,0,0,
edOCKSsoXJyw5TLY,0,0,
gDHSRqoWn0m3A69d,0,0,
hf5PnKEcrJtUYRXu,0,0,
IdTQ1FwiJhUtxE02,0,0,
jaihGf4Qxl9qdNry,0,0,
ciFVdL85Xfv0wEaN,0,0,
ciFVdL85Xfv0wEaN,1,0,
5SMgPUyoustRpH1C,0,0,
k9CaQPBrpeX8bjSG,0,0,
XPjnqk8VFzthwuU7,0,0,
bCx8wV5SpZDlK3Py,0,0,
dHbRIfBklWh951Dx,0,0,
dHbRIfBklWh951Dx,0,0,
WmOC83jat54SvqiP,0,0,
QWdyBLA8uHGURn6h,0,0,
FK9f0la3xHeTbqws,0,0,
FK9f0la3xHeTbqws,0,0,
isSJMTg0FcyKpOQH,0,0,
isSJMTg0FcyKpOQH,0,0,
PzDH9W2SLkI06jXn,0,0,
CypflrRX3gzLH1S5,0,0,
CbRdc5SULZMa0ENu,0,0,
jw6r9o5lKR0qmnYO,0,0,
Tw9nMdNusAitK6LD,0,0,
mkL5BqDI0K72WYip,0,0,
Hl6OX4keyCiI59ca,0,0,
vNr9ZPWB7CUtenfi,0,0,
xewG7SsfbB4tackJ,0,0,
wypVfJ1g7KBFbHqR,0,0,
wl56peWJEFKrPxzA,0,0,
NTSwHW7RQV1bUA3m,0,0,
3D8VpF9nbjTK4NsB,0,0,
QcPDjLbxHWvCmVBS,0,0,
QcPDjLbxHWvCmVBS,0,0,
uSEYLOmivbVUT1dM,0,0,
htRUXO3cHxBkdaMw,0,0,
gwtnIS4qfW9iRvNo,0,0,
dtcU9gDBOFwMKy1j,0,0,
aHtQSMkbuWIo3ZKU,0,0,
vbUMhGZKA6Jzn2DN,0,0,
bsSwZUhKyEC2zpav,0,0,
Ky2H3WgfdaIwrSAt,0,0,
iUutpQeFw6vzMsD2,0,0,
jLb8qX5xeQ4S1iKU,0,0,
6HxLhDasVpPgMm8K,0,0,
6HxLhDasVpPgMm8K,0,0,
Z2GfSdoxeOt5LNuR,0,0,
IMofFWZihwPx4YdR,0,0,
xehQGn9UXiu7Z28I,0,0,
546EUdlygJWfBtXa,0,0,
IxGULQg6vNziM9uB,0,0,
Avuyps28QEtHM73w,0,0,
MrTgjwkBWDmh7loK,0,0,
JWOxwhLq7lpQv1eI,0,0,
hXQT2Nq5Hd7epoxZ,0,0,
Cv9S02asNYldJ8hH,0,0,
Cv9S02asNYldJ8hH,0,0,
Cv9S02asNYldJ8hH,0,0,
HIntVvrux5ZkibOE,0,0,
qoLHFgKsdu52hBp0,0,0,
sjK5uV0zPwJMld2X,0,0,
lJd6v0EGxVkmNbU8,0,0,
sN0Od9C6iDhzPrQq,0,0,
wiNfok6vXFL1tWDV,0,0,
kRG2wfTBMprINaF6,0,0,
s4KEk3XfTJSz0y18,0,0,
IFLmEta54AiujdUO,0,0,
4TxVo6Op8kXv3mHR,0,0,
lpF1QBJRqNorkeVh,0,0,
eVw2EoqQzPafcni0,0,0,
eVw2EoqQzPafcni0,0,0,
uSCy8iTz742tkdrh,0,0,
AMDg8X4KiknTopE6,0,0,
Mj2skhg31YLtnazp,0,0,
Mj2skhg31YLtnazp,0,0,
nhmcCF2Pl1GRyHiK,0,0,
3e4RCs9lGvLokq0I,0,0,
ROMK65g8HGQweWDq,0,0,
P7zwjrpgGSFiDA4M,0,0,
PTZrVmatjOJLeWxv,0,0,
kpnCZaAhWuOymsRD,0,0,
kpnCZaAhWuOymsRD,0,0,
1BvD8xQqpmouKl2w,0,0,
HsRBODZpbreXM1nP,0,0,
X1M2nsA0Gy8IjKmx,0,0,
ZVi7njCYN1403Kw6,0,0,
rl8tJSg09y5dVI7p,0,0,
QdaZJwOXbmkocY5v,0,0,
dXf2rtkJHZPY0O6z,0,0,
iGtjK9Ye0QPDkJRa,0,0,
xMjehF1dANLv3oPf,0,0,
imvjh6fsbZ1B8tDk,0,0,
ZPylWN6mJtq73xER,0,0,
k6KDiRX7ZNSMT5cq,0,0,
ZeHdSwvXkxMUFBsl,0,0,
ZeHdSwvXkxMUFBsl,0,0,
ZeHdSwvXkxMUFBsl,0,0,
aKEvnRIi9sjpV5OF,0,0,
oGV6CWJsQM3XLacw,0,0,
GtXULc9wDHPn03Wv,0,0,
CKGlT36QPrIi1Vgm,0,0,
CKGlT36QPrIi1Vgm,0,0,
bOrtawLljMfyNK37,0,0,
8NX1aUQcJb7w4nHf,0,0,
8NX1aUQcJb7w4nHf,0,0,
8NX1aUQcJb7w4nHf,0,0,
1fvPaU68LRyBGIjE,0,0,
1fvPaU68LRyBGIjE,0,0,
PidjOceCYJhm0Tpv,0,0,
2eRJECFPTcoNtvBr,0,0,
8XTxs5km0RqZVDcf,0,0,
Yrqzo4aXitwTx7A8,0,0,
nYjsiOvqFL2uydmf,0,0,
c4yJrMVACb6iH2t9,0,0,
c4yJrMVACb6iH2t9,0,0,
S4iz3DlsT7gZ6Ooq,0,0,
eCudFcjE3NyVaYtz,0,0,
eCudFcjE3NyVaYtz,1,0,
TCtMvskX4U53FR6n,0,0,
zKdkoRw4fSJT865W,0,0,
zKdkoRw4fSJT865W,0,0,
zKdkoRw4fSJT865W,0,0,
4RpKoDmk1wrHYGIM,0,0,
CHn3flFZqRN2J0DY,0,0,
RduLxnEZ5Hp6rhU3,0,0,
o591G4LvY3uODzCZ,0,0,
ZwDJI2ExNGAMqT6a,0,0,
cYOzKSreBUWy8ZCp,0,0,
eLaUK1R3dhMSW8cp,0,0,
eDxluSgqH0ch9YiO,0,0,
Ofw0eQbLz5W69aXT,0,0,
X7Dmi6pBvyNF5bjH,0,0,
Bhko5WI62HVJGm7C,0,0,
DlyhrFJX45Wq16aE,0,0,
Ns9dpHqrizVLSA68,0,0,
gkO9FGQhnDH3iUKB,0,0,
XjLzFYus5S6icta1,0,0,
V84a0xwl6KoqWBSH,0,0,
Phcq0nFXD3Y21b7d,0,0,
3ya5ghm4wi9xcjTe,0,0,
rRKxz0l5Jqo42GF7,0,0,
Gid8zRPEolk6q5FO,0,0,
lxkDKHi3veIRThdf,1,0,
GuPbV6ogwZMNXyLr,0,0,
c3Cb5atuQJnVgEKL,0,0,
pmNyoGrdC1KhVlIA,0,0,
t4YZpKuxUPTziljS,0,0,
j7FmnNEyAGBHTu51,0,0,
j7FmnNEyAGBHTu51,0,0,
DKLwgMTHfV8xRj4S,0,0,
6AzsD3lBJFKg0tqL,0,0,
lUEiy21aFHVdfK8M,0,0,
4zBtJOUsglWbkduc,0,0,
4MJFjzA0lOP7WLQr,0,0,
CMyhi0xvJV97RXZY,0,0,
CMyhi0xvJV97RXZY,0,0,
FmEnshzT3UoO9tpc,0,0,
e6dLZW1CuoayNDIF,0,0,
O1KpuZhFacmY8AXk,0,0,
A3shCv62UTeX7Vyu,0,0,
AYI8t95ykOVvom7P,0,0,
hTEY0JfISa3i8Qwr,0,0,
hTEY0JfISa3i8Qwr,0,0,
UFSVZrG1ldup8ytc,0,0,
uOF5eWQHCSIb0lnX,0,0,
wbtMuQ4noYlU2gSW,0,0,
wkjKsHS6l84xU7cZ,0,0,
vdFBH1tAlp6nYheT,0,0,
kcIlN4O5yfJvtuGa,0,0,
kcIlN4O5yfJvtuGa,0,0,
1zkIPQn47Hm2gL3O,0,0,
2w1orQ7IHc9piAuV,0,0,
2w1orQ7IHc9piAuV,0,0,
jS0ZFgm9GuXeN1QV,1,0,
rJbkSWvNsAdq5uY0,0,0,
rJbkSWvNsAdq5uY0,0,0,
rJbkSWvNsAdq5uY0,0,0,
rJbkSWvNsAdq5uY0,0,0,
GVJanbkKzhwZBXMq,0,0,
KNsicY6maflyA2dW,0,0,
Vi7jog3FR9nLsxJc,0,0,
iJDBmlQzdhKw7jYg,0,0,
iJDBmlQzdhKw7jYg,0,0,
lYMn2whJSZmqksj3,0,0,
bemz6FHr47lLEXqt,0,0,
bemz6FHr47lLEXqt,0,0,
bemz6FHr47lLEXqt,0,0,
avVmnotfUrzwJMGT,0,0,
LjrFIVgQ5TDaWwd8,0,0,
TNyLjrCVD3vkpbZi,0,0,
aI6hN1ovMDLJGBti,0,0,
HcTv3d5k1a2plO6W,0,0,
hz5flpCykL9qiSB8,0,0,
hz5flpCykL9qiSB8,0,0,
pd5YZ8zr3TGD0BKl,0,0,
cfEFLe80SjMrAmKT,0,0,
cfEFLe80SjMrAmKT,0,0,
AXEGeoVOpmZTDnyj,0,0,
BaQFJU6Njo35PWzs,0,0,
9LUOpIQHgYDm8FJw,0,0,
s8ABFWKpRvLImVib,0,0,
s8ABFWKpRvLImVib,0,0,
eCRVcP7qzTEwsY6m,0,0,
ZXzQi6UeEIGamhCY,0,0,
o2uk5zlOitwBFyYP,0,0,
5GBLPV2kyCApzocS,0,0,
mwgrVdS0lceuPjH1,-1,0,
PLCZmuQ4GRUqAlz5,0,0,
PLCZmuQ4GRUqAlz5,0,0,
xPCJYDniI6RMH9NA,0,0,
KPM8W6gr9zYblAHZ,0,0,
4vHOx2oj7cmynaG1,0,0,
bDNSy4zjGYL7X8wI,0,0,
rpxlgy8Fkm0ReJqv,0,0,
dysLaH7rFpxUNwTG,0,0,
dysLaH7rFpxUNwTG,0,0,
ACzuk3oYFdBW1iRr,0,0,
8Lg4uaXWwNHTnUhb,0,0,
Asu64fxX7ydmaWQ9,0,0,
Id8iAazTDpMGOv49,0,0,
Id8iAazTDpMGOv49,0,0,
wBmEAOR0YjlgkWtT,1,0,
wBmEAOR0YjlgkWtT,1,0,
jE6k7BXpZLNWl1hQ,1,0,
0BCubTaSJ4V7jGAd,0,0,
0BCubTaSJ4V7jGAd,0,0,
23VdWzG4iAgYZtSR,0,0,
1TpwYUG4nbQxhfKk,0,0,
KuUYrzfIatBJyOXp,0,0,
CJ5Y9Waw0RIPmvUK,0,0,
dloSVE124GTviNPL,0,0,
Oeb0NAwXUjsxJDqH,0,0,
7U9GMh8rypb4zvsO,0,0,
DnymwrO7Ga1Qbdth,0,0,
nIMGCSAzfe25WDRm,0,0,
IOyEuQK7rgVZAzbi,0,0,
Wt6bxF4HqgRUzMTZ,0,0,
6mRUdJ7Y1erPAtS8,0,0,
3HqNa5tQLnDRroW6,0,0,
grwNKCJtsY0A6DVG,0,0,
yrAnx9mfHYN0OT6g,0,0,
zfu0NKtCVvXrDeUi,0,0,
HrxIikTQemGdJKAL,0,0,
a8ZDevQHbqX2JiSu,0,0,
6mJSlntYXB28sq9u,0,0,
icEsPJWUnRS01luo,0,0,
gXnx20VphC5mAUb1,0,0,
RaybZnkleEsQvUwC,0,0,
IBzXueCTjWPyiwb9,0,0,
EBh3kYb5eanuLqw7,0,0,
MzQ8whRmWyp0kceZ,0,0,
BmPrwYuL8QVetZjc,0,0,
BmPrwYuL8QVetZjc,0,0,
lwWxuiMO3yPoH1UJ,0,0,
nfOq51SzPjtCZKvQ,0,0,
yI79ofOCdiAenwrz,0,0,
eyXNfkKiglxR6btY,0,0,
Z1quzevkUXF9JplK,0,0,
Z1quzevkUXF9JplK,0,0,
fdIJSbNeVpoT86PO,0,0,
V5NCqp1jbLtr94BT,0,0,
IftQwD8UO3Cs62jK,0,0,
WsSnOLBp2wqvmxoy,0,0,
WsSnOLBp2wqvmxoy,0,0,
6wAv17L0UaybuNfn,0,0,
6wAv17L0UaybuNfn,0,0,
mF4PUT1vKM8gIAsi,1,0,
CnUEJv94VzMiHjXy,0,0,
RzW5GLurQx0imA2N,0,0,
crjYmfA4kWhaQnMP,0,0,
KMvqAsNXDfUicykQ,0,0,
XFC1h4tuAMQH9pyN,0,0,
foxsAMS3TVwvdiPh,0,0,
foxsAMS3TVwvdiPh,0,0,
JgQA0eZw9zKuySkh,0,0,
wmbdEs1giGzMeoXR,0,0,
0hcGSNLWQne3kuqE,0,0,
blzhHtvQLcxIyfod,0,0,
8T2Z9F6LexqXrIdQ,0,0,
PaAuNd5lobeqXpOh,0,0,
PaAuNd5lobeqXpOh,0,0,
hNsmB8zE1nyaVodp,0,0,
uKylUE0qMehdS4jZ,0,0,
bDqpuTMz2oiR1kvS,0,0,
DuofMgjiE0UvP9Gh,0,0,
zLPXAiHmDMWnrO0c,0,0,
UJeQBwqGfKhWTScr,0,0,
1ku5LiXyCl8rcbSm,0,0,
CXxDunpZgH7N0KyF,0,0,
BaG7VWPc8mUQ4d53,0,0,
FYVHuUQ3Llb2Odtk,0,0,
NHYkCVopElwTO4SL,0,0,
b2NSpzV4tH0qkZFg,0,0,
Hv6EBj8tTAZphROb,0,0,
jN3kMlzEJiRSm6Tr,0,0,
uhpTbDHGwLadQ7nS,0,0,
RnIMpei7agYdKjXs,0,0,
OG8z3WDXMeFRfYnr,0,0,
miG4ZxRoQSlg6KJd,0,0,
uIoTZxQ2fv5AsjUF,0,0,
bQIGj73D4BXPpCdy,0,0,
kQKoDcN2pVsHnRvX,0,0,
PZgilYx2KRnehqOk,0,0,
6cLXpr1xS2AKefTv,0,0,
rTEKoLtW9vp3qVNM,0,0,
ycZd3HgBt5wpGjkK,0,0,
ycZd3HgBt5wpGjkK,0,0,
OiMa4ugEcIYNsZ3Q,0,0,
j1rPTY3NROwnxFaf,0,0,
4Zci7QKdEwlLutJV,0,0,
TmrwlJsu8A9zybGV,0,0,
ZidVDX9wnLjWEJGq,0,0,
A2l9McPr6ITYBNsa,0,0,
A2l9McPr6ITYBNsa,0,0,
j2Qx1P8a5wbULihs,0,0,
hIGorWwQTapkS5n6,0,0,
oFl5e7rT9mLqMPnu,0,0,
I1NHXDm8dzvtkfs0,0,0,
K7ci4kEpZ01axWBY,0,0,
K7ci4kEpZ01axWBY,0,0,
7PmnvLBwJSoUxf0G,0,0,
UefN5RLZ1pqguoEj,0,0,
ReGAf51HQagx8Zmi,0,0,
XEQvpHbD7Z6kPVyA,0,0,
OJDLu0ziXPNRT6df,0,0,
foTKrM9SHGp7nuE0,0,0,
SelgL0QrPayBZ18K,0,0,
SelgL0QrPayBZ18K,0,0,
R8cyfI10m3Xi9tgM,0,0,
FDkmPVcfhGbToNuX,0,0,
bxrpsDYROK5iT1qj,0,0,
b9qcJOVRfPEzUuM2,0,0,
QtszkWi1bKVx9yG2,0,0,
YbZsXMk3PvaVQnLK,0,0,
Ijf1P4FEWUprbgZl,0,0,
FR7zjZJHgqWs3oPc,0,0,
MR3lsLjIOEXeU2AD,0,0,
NGRFH02YfvIpnDZO,0,0,
0jTdQIPg6ZaLp57O,0,0,
4thTeMKoNiIgx65W,0,0,
4thTeMKoNiIgx65W,0,0,
4thTeMKoNiIgx65W,0,0,
OQVWijN4lSh0FTey,0,0,
sMi23mko0HIQtY8g,0,0,
nVm3CoQ5pU6yP8uY,0,0,
eE7PXURqbvwxh9GO,0,0,
95yan1o6CpQ2A0Ew,0,0,
9gO4pMXdBi6xD0lW,0,0,
dHaJFoVOD7NmYjTq,0,0,
vu6eVD7EHGRQJULC,0,0,
q9uHxmI2frz8sX1C,0,0,
ZwYtW93KxgOFi8D2,0,0,
Em540HwFUypB8SbK,0,0,
n7YxMp8c9Va2Nfse,0,0,
2BWMN0iP6mO7QhuI,0,0,
3AsFYcJ4OrW8wT7l,0,0,
f9T17GDdFzhbSKk6,0,0,
U3NevhxIRQaXnyLq,0,0,
oepEUuObd6f4v3iR,0,0,
jMB2W7Pdm1epbYNl,0,0,
5DzJlZEOe2VLKpSX,0,0,
af8n9cRIS4Vq0jmH,0,0,
af8n9cRIS4Vq0jmH,0,0,
af8n9cRIS4Vq0jmH,0,0,
JRAFg3bDo1C67q9h,0,0,
JRAFg3bDo1C67q9h,0,0,
x9GXPl40AZ5TNiBh,0,0,
zs3gC6PE4kfNb9Wt,0,0,
5lgjSRwKCb3D4WTF,0,0,
3qravlupfdIAMznx,0,0,
3qravlupfdIAMznx,0,0,
3Cs9orcTeFh1dN87,0,0,
SOpkMZLy40r1mYCq,0,0,
SOpkMZLy40r1mYCq,0,0,
SOpkMZLy40r1mYCq,0,0,
DYrSPJLoywAdingm,0,0,
WyUb7eGAJuz9Ftpc,0,0,
UAaZtl1ST5kuzoem,0,0,
Q89PBCgxDdeJ5Vfn,0,0,
3m7VUknLa6Ff5rPc,0,0,
LaPs4F8Q9q0Wewp5,0,0,
aB6ythMmUQL4TneC,0,0,
aB6ythMmUQL4TneC,0,0,
KgoZUjNaQvt6MfTA,0,0,
U58QDMeHWXkfGESg,0,0,
U58QDMeHWXkfGESg,0,0,
xapJi6lVUC0oH9Py,0,0,
jmBWZfLGlaz2nJUu,0,0,
yfpeWc2ljCkTvN4L,0,0,
yfpeWc2ljCkTvN4L,-1,0,
yfpeWc2ljCkTvN4L,0,0,
clht2VSkB3fFrHze,0,0,
uTmyopKDFQVvC9jt,0,0,
6uYPQjAedRH1wWCy,0,0,
8tU9biECpJdRGhaL,0,0,
lsHg09cr1NChwKp8,0,0,
h7Fx4nQTyPR2z9M6,0,0,
ldRbIBz5vAqsJ4WP,0,0,
4cNTIxAwjOkSB8Vv,0,0,
TiGkVHdRmPgMpb6s,0,0,
8fJTX3LZMqErjg2Y,0,0,
tEQLJfKlMnzOs0mw,0,0,
n8EbUTyJVxpGtWzP,0,0,
n8EbUTyJVxpGtWzP,0,0,
yvEOU7I2Z9pbMtNz,0,0,
3GaSHdJUs4wDYfkR,0,0,
WAFiDKqCfuP9xG7a,0,0,
szVrI4Xjv7ibBOPy,0,0,
9vBKy7aEfcG4SJPO,0,0,
HiouAKZ24t58WqFV,0,0,
K8TLE9Fcay03s7xr,0,0,
t8i0ujgRV1ON3Qec,0,0,
KNjsGxYQdD903Rbr,0,0,
iFGrPAzYJoRdkOS8,0,0,
8qg3OP1AtB5Evz9a,0,0,
x2rYTQCbOd0JKA5y,-1,0,
8CAMHLk6DfzaGZJ1,0,0,
4vedD3ThESw9KJxN,0,0,
5GPVFrmzW2pqw6xf,0,0,
ZhC07bX9fLwAEerz,0,0,
cIn9fLxBgXV3451Y,0,0,
qTf2jyoJYALC5DZ9,0,0,
jDBJL5h3N6UK0YXV,0,0,
jDBJL5h3N6UK0YXV,0,0,
i7AtFZHh60kaGp3T,0,0,
CADf8GVlMn9r6me1,0,0,
CADf8GVlMn9r6me1,0,0,
7mGsIBJAHFZ0tCz4,0,0,
Fie0kyu1854nQpzA,0,0,
mpAEy9iwRn631sKS,0,0,
mpAEy9iwRn631sKS,0,0,
1782QoS3I4XrgZba,-1,0,
ODEdFk6L4psH9l28,0,0,
5kyiUJ0LTNMVFZfq,0,0,
3sHOQd5VmCz6npUY,0,0,
SVIfiYWeB2yaGCQv,0,0,
pCy0wamSeUnDP9Fr,0,0,
6ru4D9eIzQ1iPkxv,0,0,
4Ist9FJBkGATqYjO,0,0,
A4vmUYQOlCB5p0Mf,0,0,
LT14xdFN5vOce0wI,-1,0,
cADZp9bExndsOuWC,0,0,
QjFJXPzDYsV1IRWO,0,0,
Ni0TWvFVRU8XdmtO,0,0,
63RsQ9a0JqXobE4m,0,0,
63RsQ9a0JqXobE4m,0,0,
L5xfDMnaIlWO6Vky,0,0,
J9L6sZFX2fcUBzOS,0,0,
LM7f4OynlJb8HqvY,0,0,
i8mxAKoNVhD7CIg6,0,0,
Unr7RcXmCght2ifD,0,0,
8CZDFqhGmY3HwVz0,0,0,
8CZDFqhGmY3HwVz0,0,0,
41nm2EQI9BXljaDk,0,0,
6DWMVcopvEKwU4PJ,0,0,
6DWMVcopvEKwU4PJ,0,0,
0gKMWbXrF2qyRTEk,0,0,
ZfLWb4GQDRhgyvow,0,0,
4TErfMzgFCnDRPqe,0,0,
5UPW7gfxl9jTcMuN,0,0,
RWc4PB7gMpnsmUHl,0,0,
7FzGhLUQufMglaAn,0,0,
4tlfWveDHL9wcZ7m,0,0,
HCkprjv6uWRh47sL,0,0,
QYLVlAzboyFTHWuw,0,0,
QYLVlAzboyFTHWuw,0,0,
QYLVlAzboyFTHWuw,0,0,
9hv6gmwl0XbRKArI,0,0,
WYa8Arw7bGLuKnqi,0,0,
RrgVEIYCuW1iNqL4,0,0,
fHSqoTiP2bIrEG8U,0,0,
De6AFcbTKIl4R3Qg,0,0,
nI0YSRiZdC2MEmag,0,0,
dkBrQ8FaUsD50qJ7,0,0,
2YvN9c8p3yrlhIQt,0,0,
9hBGibuUNvjL1Qng,0,0,
8jgDfxBpO45FWl1m,0,0,
BMifCDqjK6JwGTnL,0,0,
SyZ6BOmLAeYc09pf,0,0,
0aUzxbsfLNnljZMS,0,0,
PgCAcDLuVZ41xzod,0,0,
vDUH86p9mfyQP5cA,0,0,
0m3DxdfAIcgnE4kM,0,0,
InuPQK6wX9UtzgCl,0,0,
0euRkBO8AwisjYTJ,0,0,
SRNvlyPi7OM81VQC,0,0,
htC6x7q2Yv14uUFX,0,0,
R3ANbXlwH8z6vWPj,0,0,
RKZmPl1Ny5dDC42o,0,0,
athS4JK0ClzGrYb8,0,0,
6sCNZQ0854b9k2ep,0,0,
nkNvR74fauUP9oSg,0,0,
7HjuWDZzSykeEOIQ,0,0,
6nulXChYs8biaKg7,0,0,
z1Vy3OLYhdZjrW9m,0,0,
z1Vy3OLYhdZjrW9m,0,0,
FVOZ4U9adMc6gnRb,0,0,
y7ziHVFaYs3vAS5C,0,0,
dWjXp309QZK6sOBt,0,0,
dWjXp309QZK6sOBt,0,0,
UMeVQhHNRcoYJ8GT,0,0,
qCrxFMylGAKYfR8T,0,0,
NMzl5tR6JQwCb0e1,0,0,
CqSyRtsONd1iG5BJ,0,0,
BGE1XAJ6iCZ9uclf,0,0,
Ce7V3lxzB2mrpL5w,0,0,
o9mCw65vOBq0fYUF,0,0,
o9mCw65vOBq0fYUF,0,0,
o9mCw65vOBq0fYUF,0,0,
iAktfmCUh4aeMrZS,0,0,
oKTmraqO2ltuZ6N0,0,0,
pcK875yafZ0DvE9S,0,0,
6nb4X8DrhGIysL9R,0,0,
6nb4X8DrhGIysL9R,0,0,
nYqDJsS4CEVwAu8x,0,0,
itm5q6I1z8vf7ZMD,0,0,
rEG7UsMicjYIuO0H,0,0,
swWXCztEAlxLfkOI,0,0,
8lrYXUQIg1cFxjd7,0,0,
G5WVJdhNEr71HyBI,0,0,
ytm3xPrzZ4OuXIH1,0,0,
uokFtR1jyIimG9UT,0,0,
hY9A7rn2wlmEF0uo,0,0,
wTJY4NqXUaPSgpWt,0,0,
gDtCHTmXVEUsqiyW,0,0,
0aUM14td75FBNEfl,0,0,
YT5pdexbmOQwG7hR,0,0,
Ct5pUOgmiTQ7o3fL,0,0,
0EkBRAYPsfOTt4z3,0,0,
m1d2uePf9JFGbg8a,0,0,
1qT9KYyC8el7Om4M,0,0,
XbUZeDAdEpMwg7kt,0,0,
Qt0XJqvUN6gOhePZ,0,0,
sNc3FPI4ZnrUgS8G,0,0,
OxkuXFay5GLP1eIh,0,0,
3Zl8sQoSMrOUCyhg,0,0,
EFVfO2leBpH0uzrw,0,0,
DIjbzLMF2vgEsxti,0,0,
j2bY7lqSH3PawNn5,0,0,
4N70AwcexTqDCoJr,0,0,
yGsQJVCBYmMglaUp,0,0,
mouaUxBnX2vHPYsR,0,0,
Zl8IfcmpNrLVAPS4,0,0,
fIHPrW8MzVdC4kwF,0,0,
fIHPrW8MzVdC4kwF,0,0,
E5390SuTF2RoQyzt,0,0,
5XznxhYNAGF7WKJD,0,0,
S3Aq4NOhFDspEgZm,0,0,
3qVmrKu1wxJb0X6I,0,0,
vPCDf2OemEGh4jzl,1,0,
trsL1COIpBSWXMex,0,0,
PE5gLlduiYGTzqsn,0,0,
WgtvsofC74wOIYVb,0,0,
H8jYWQ5gMADxtmuh,0,0,
ouMTnWL81gZemPi9,0,0,
7pDJV8ab4NjH3r5e,0,0,
hGPD9vBZgR6zNV4S,0,0,
2jJXvw58LHgT3RBD,0,0,
OCkifpF73WQYjoNI,0,0,
XrQJUSeIVhBib86Z,0,0,
MF2yRZwkDtmozdPS,0,0,
Yu0EUZt54G8fiHOW,0,0,
yLhg5NmjCWat4YFV,0,0,
0GtHsUD3ikzZoX5q,0,0,
0GtHsUD3ikzZoX5q,0,0,
S3dNtUixLg2uVkWD,0,0,
xJ1wWtb9TsYkKO5X,0,0,
lr0sCcFamRVfPHn5,0,0,
H6y17JaXzxADtqer,0,0,
DJES3mRatNG7AMwz,0,0,
GdPUZvlCm438WtS5,0,0,
m1rOC6jMweNH2Q9J,0,0,
vP56NeZdJA8jtXmF,0,0,
fQnMrWegYBvTh2Ic,0,0,
xSTt0OV9nYkb6NEa,0,0,
xSTt0OV9nYkb6NEa,0,0,
BfWd1cJDFQLNn3gG,0,0,
IoKEnR3JdXu0gG4h,0,0,
4p5xbNDUMLAwvzrY,0,0,
VYJEH3N0ZkGt5Xvy,0,0,
iSp7q8d4eW9honmI,0,0,
WLHp3PYJ9FvOGXE2,0,0,
